truth_gene	AUS.18	sample_id	hendriksen_sample	truth_class	ALB.17	AUT.70	BGR.66	BRA.53	CAN.22	CHE.67	CHN.64
ampH_ampS	1.0	ERR1713332	AUS.18	macrolide_lincosamide_streptogramin							
ant(3'')-Ih-aac(6')-IId	166.0	ERR1713332	AUS.18	aminoglycoside							
ant(6)-Ia	1.0	ERR1713332	AUS.18	aminoglycoside							
ant(6)-Ib	1.0	ERR1713332	AUS.18	aminoglycoside							
aph(2'')-Ic	1.0	ERR1713332	AUS.18	aminoglycoside							
aph(2'')-Id_aph(2'')-Ie	15.0	ERR1713332	AUS.18	aminoglycoside							
aph(3')-Ia_aph(3')-Ic	12.0	ERR1713332	AUS.18	aminoglycoside							
aph(3')-Ib	3.0	ERR1713332	AUS.18	aminoglycoside							
aph(3')-IIa	2.0	ERR1713332	AUS.18	aminoglycoside							
aph(3')-III	2.0	ERR1713332	AUS.18	aminoglycoside							
aph(3')-VI	30.0	ERR1713332	AUS.18	aminoglycoside							
aph(3')-XV	2.0	ERR1713332	AUS.18	aminoglycoside							
ARR_clust	1.0	ERR1713332	AUS.18	rifamycin							
blaACC_clust	1.0	ERR1713332	AUS.18	beta_lactam							
blaACT-9	1.0	ERR1713332	AUS.18	beta_lactam							
blaACT_clust	1.0	ERR1713332	AUS.18	beta_lactam							
blaACT_CMG_MIR_clust	2.0	ERR1713332	AUS.18	beta_lactam							
blaADC-25	1.0	ERR1713332	AUS.18	beta_lactam							
blaAER-1	14.0	ERR1713332	AUS.18	beta_lactam							
blaB_clust1	2.0	ERR1713332	AUS.18	beta_lactam							
blaB_clust2	1.0	ERR1713332	AUS.18	beta_lactam							
blaBEL	1.0	ERR1713332	AUS.18	beta_lactam							
blaCARB_clust1	14.0	ERR1713332	AUS.18	beta_lactam							
blaCARB_clust2	60.0	ERR1713332	AUS.18	beta_lactam							
blaCARB_clust3	2.0	ERR1713332	AUS.18	beta_lactam							
blaCME	1.0	ERR1713332	AUS.18	beta_lactam							
blaCMY_blaBIL_blaLAT	10.0	ERR1713332	AUS.18	beta_lactam							
blaCMY_blaMOX	2.0	ERR1713332	AUS.18	beta_lactam							
blaEBR-1	88.0	ERR1713332	AUS.18	beta_lactam							
blaFOX_clust	1.0	ERR1713332	AUS.18	beta_lactam							
blaGES_clust	273.0	ERR1713332	AUS.18	beta_lactam							
blaIMP_clust1	1.0	ERR1713332	AUS.18	beta_lactam							
blaMIR_clust	1.0	ERR1713332	AUS.18	beta_lactam							
blaMOX_clust	2.0	ERR1713332	AUS.18	beta_lactam							
blaNPS_LCR_clust	3.0	ERR1713332	AUS.18	beta_lactam							
blaOXA-209	14.0	ERR1713332	AUS.18	beta_lactam							
blaOXA-347	9.0	ERR1713332	AUS.18	beta_lactam							
blaOXA-372	2.0	ERR1713332	AUS.18	beta_lactam							
blaOXA-9	3.0	ERR1713332	AUS.18	beta_lactam							
blaOXA_clust1	9.0	ERR1713332	AUS.18	beta_lactam							
blaOXA_clust11	4.0	ERR1713332	AUS.18	beta_lactam							
blaOXA_clust12	2.0	ERR1713332	AUS.18	beta_lactam							
blaOXA_clust15	95.0	ERR1713332	AUS.18	beta_lactam							
blaOXA_clust16	1.0	ERR1713332	AUS.18	beta_lactam							
blaOXA_clust18	9.0	ERR1713332	AUS.18	beta_lactam							
blaOXA_clust20	20.0	ERR1713332	AUS.18	beta_lactam							
blaOXA_clust21	449.0	ERR1713332	AUS.18	beta_lactam							
blaOXA_clust3	8.0	ERR1713332	AUS.18	beta_lactam							
blaOXA_clust6	97.0	ERR1713332	AUS.18	beta_lactam							
blaOXA_clust7	6.0	ERR1713332	AUS.18	beta_lactam							
blaOXA_clust8	1016.0	ERR1713332	AUS.18	beta_lactam							
blaOXY_clust1	4.0	ERR1713332	AUS.18	beta_lactam							
blaRAHN-2	1.0	ERR1713332	AUS.18	beta_lactam							
blaSHV_clust	3.0	ERR1713332	AUS.18	beta_lactam							
blaTEM_clust	17.0	ERR1713332	AUS.18	beta_lactam							
blaVEB_clust	1.0	ERR1713332	AUS.18	beta_lactam							
cat_clust	1.0	ERR1713332	AUS.18	phenicol							
catB3	7.0	ERR1713332	AUS.18	phenicol							
catB8	1.0	ERR1713332	AUS.18	phenicol							
catQ	6.0	ERR1713332	AUS.18	phenicol							
cfxA_clust	14.0	ERR1713332	AUS.18	other_or_unmapped							
cfxA6	7.0	ERR1713332	AUS.18	other_or_unmapped							
cml_clust	9.0	ERR1713332	AUS.18	phenicol							
cmx	1.0	ERR1713332	AUS.18	other_or_unmapped							
dfrA1_clust	2.0	ERR1713332	AUS.18	trimethoprim							
dfrA12	1.0	ERR1713332	AUS.18	trimethoprim							
dfrA14_clust	3.0	ERR1713332	AUS.18	trimethoprim							
dfrA15_clust	3.0	ERR1713332	AUS.18	trimethoprim							
dfrA20	4.0	ERR1713332	AUS.18	trimethoprim							
dfrA7_dfrA17	1.0	ERR1713332	AUS.18	trimethoprim							
dfrA8	1.0	ERR1713332	AUS.18	trimethoprim							
ere(A)_clust	28.0	ERR1713332	AUS.18	other_or_unmapped							
ere(A)_clust2	11.0	ERR1713332	AUS.18	other_or_unmapped							
ere(B)	1.0	ERR1713332	AUS.18	other_or_unmapped							
erm(A)_1_X03216	1.0	ERR1713332	AUS.18	macrolide_lincosamide_streptogramin							
erm(A)_2_AF002716	4.0	ERR1713332	AUS.18	macrolide_lincosamide_streptogramin							
erm(B)_clust	189.0	ERR1713332	AUS.18	macrolide_lincosamide_streptogramin							
erm(C)_clust	4.0	ERR1713332	AUS.18	macrolide_lincosamide_streptogramin							
erm(F)_clust	89.0	ERR1713332	AUS.18	macrolide_lincosamide_streptogramin							
erm(G)_clust	11.0	ERR1713332	AUS.18	macrolide_lincosamide_streptogramin							
erm(T)_4_AJ488494	1.0	ERR1713332	AUS.18	macrolide_lincosamide_streptogramin							
erm(X)_clust	1.0	ERR1713332	AUS.18	macrolide_lincosamide_streptogramin							
floR_clust	19.0	ERR1713332	AUS.18	phenicol							
fosA_clust2	4.0	ERR1713332	AUS.18	fosfomycin							
imiS_imiH_blaCEPH_clust	1.0	ERR1713332	AUS.18	beta_lactam							
lnu(B)	16.0	ERR1713332	AUS.18	macrolide_lincosamide_streptogramin							
lnu(C)	3.0	ERR1713332	AUS.18	macrolide_lincosamide_streptogramin							
lnu(D)	2.0	ERR1713332	AUS.18	macrolide_lincosamide_streptogramin							
lnu(F)	14.0	ERR1713332	AUS.18	macrolide_lincosamide_streptogramin							
lsa(C)	1.0	ERR1713332	AUS.18	macrolide_lincosamide_streptogramin							
mef(A)_10_AF376746	154.0	ERR1713332	AUS.18	macrolide_lincosamide_streptogramin							
mef(A)_3_AF227521	66.0	ERR1713332	AUS.18	macrolide_lincosamide_streptogramin							
mef(B)	30.0	ERR1713332	AUS.18	macrolide_lincosamide_streptogramin							
mph(A)	13.0	ERR1713332	AUS.18	macrolide_lincosamide_streptogramin							
mph(E)	2305.0	ERR1713332	AUS.18	macrolide_lincosamide_streptogramin							
msr(D)	375.0	ERR1713332	AUS.18	macrolide_lincosamide_streptogramin							
msr(E)	4357.0	ERR1713332	AUS.18	macrolide_lincosamide_streptogramin							
oqxA	12.0	ERR1713332	AUS.18	quinolone							
oqxB	41.0	ERR1713332	AUS.18	quinolone							
QnrB_clust1	4.0	ERR1713332	AUS.18	quinolone							
QnrB_clust3	1.0	ERR1713332	AUS.18	quinolone							
QnrD	2.0	ERR1713332	AUS.18	quinolone							
QnrS_clust1	1.0	ERR1713332	AUS.18	quinolone							
QnrS_clust2	1.0	ERR1713332	AUS.18	quinolone							
QnrVC_clust2	1.0	ERR1713332	AUS.18	quinolone							
str	1.0	ERR1713332	AUS.18	aminoglycoside							
strA	84.0	ERR1713332	AUS.18	aminoglycoside							
strB	96.0	ERR1713332	AUS.18	aminoglycoside							
sul1_sul3_clust	185.0	ERR1713332	AUS.18	sulfonamide							
sul2_clust	39.0	ERR1713332	AUS.18	sulfonamide							
tet(30)	1.0	ERR1713332	AUS.18	tetracycline							
tet(32)	48.0	ERR1713332	AUS.18	tetracycline							
tet(36)	11.0	ERR1713332	AUS.18	tetracycline							
tet(39)	349.0	ERR1713332	AUS.18	tetracycline							
tet(40)	4.0	ERR1713332	AUS.18	tetracycline							
tet(44)	9.0	ERR1713332	AUS.18	tetracycline							
tet(A)	15.0	ERR1713332	AUS.18	tetracycline							
tet(B)	7.0	ERR1713332	AUS.18	tetracycline							
tet(C)	88.0	ERR1713332	AUS.18	tetracycline							
tet(D)	7.0	ERR1713332	AUS.18	tetracycline							
tet(E)	3.0	ERR1713332	AUS.18	tetracycline							
tet(G)	51.0	ERR1713332	AUS.18	tetracycline							
tet(H)	3.0	ERR1713332	AUS.18	tetracycline							
tet(L)_clust1	1.0	ERR1713332	AUS.18	tetracycline							
tet(M)	64.0	ERR1713332	AUS.18	tetracycline							
tet(O)	58.0	ERR1713332	AUS.18	tetracycline							
tet(Q)	72.0	ERR1713332	AUS.18	tetracycline							
tet(S)	9.0	ERR1713332	AUS.18	tetracycline							
tet(T)	4.0	ERR1713332	AUS.18	tetracycline							
tet(W)	138.0	ERR1713332	AUS.18	tetracycline							
tet(X)_clust	363.0	ERR1713332	AUS.18	tetracycline							
tetA(P)	2.0	ERR1713332	AUS.18	tetracycline							
aac(3)-I_aac(3)-Ia	30.0	ERR1713332	AUS.18	aminoglycoside							
aac(3)-Ib	1.0	ERR1713332	AUS.18	aminoglycoside							
aac(3)-Ib-aac(6')-Ib	1.0	ERR1713332	AUS.18	aminoglycoside							
aac(3)-Id	9.0	ERR1713332	AUS.18	aminoglycoside							
aac(3)-II_clust	8.0	ERR1713332	AUS.18	aminoglycoside							
aac(6')-31	1.0	ERR1713332	AUS.18	aminoglycoside							
aac(6')-aph(2'')_1_M13771	9.0	ERR1713332	AUS.18	aminoglycoside							
aac(6')-IIc	3.0	ERR1713332	AUS.18	aminoglycoside							
aac(6')-Im	1.0	ERR1713332	AUS.18	aminoglycoside							
aadA_clust1	265.0	ERR1713332	AUS.18	aminoglycoside							
aadA10	15.0	ERR1713332	AUS.18	aminoglycoside							
aadA13	29.0	ERR1713332	AUS.18	aminoglycoside							
aadA16	9.0	ERR1713332	AUS.18	aminoglycoside							
aadA2	69.0	ERR1713332	AUS.18	aminoglycoside							
aadA4_aadA5	88.0	ERR1713332	AUS.18	aminoglycoside							
aadA7	21.0	ERR1713332	AUS.18	aminoglycoside							
aadB	15.0	ERR1713332	AUS.18	aminoglycoside							
aadE_1_KF421157	1.0	ERR1713332	AUS.18	aminoglycoside							
ampH_ampS		ERR1713331	ALB.17	macrolide_lincosamide_streptogramin	4.0						
ant(3'')-Ih-aac(6')-IId		ERR1713331	ALB.17	aminoglycoside	242.0						
ant(6)-Ia		ERR1713331	ALB.17	aminoglycoside	1.0						
ant(6)-Ib		ERR1713331	ALB.17	aminoglycoside	2.0						
aph(2'')-Ib		ERR1713331	ALB.17	aminoglycoside	4.0						
aph(2'')-Ic		ERR1713331	ALB.17	aminoglycoside	6.0						
aph(3')-Ia_aph(3')-Ic		ERR1713331	ALB.17	aminoglycoside	21.0						
aph(3')-Ib		ERR1713331	ALB.17	aminoglycoside	3.0						
aph(3')-IIa		ERR1713331	ALB.17	aminoglycoside	2.0						
aph(3')-III		ERR1713331	ALB.17	aminoglycoside	10.0						
aph(3')-VI		ERR1713331	ALB.17	aminoglycoside	27.0						
ARR_clust		ERR1713331	ALB.17	rifamycin	5.0						
blaACC_clust		ERR1713331	ALB.17	beta_lactam	2.0						
blaACI-1		ERR1713331	ALB.17	beta_lactam	17.0						
blaACT_CMG_MIR_clust		ERR1713331	ALB.17	beta_lactam	2.0						
blaADC-25		ERR1713331	ALB.17	beta_lactam	1.0						
blaAER-1		ERR1713331	ALB.17	beta_lactam	8.0						
blaBEL		ERR1713331	ALB.17	beta_lactam	14.0						
blaCARB-4		ERR1713331	ALB.17	beta_lactam	1.0						
blaCARB_clust1		ERR1713331	ALB.17	beta_lactam	4.0						
blaCARB_clust2		ERR1713331	ALB.17	beta_lactam	88.0						
blaCARB_clust3		ERR1713331	ALB.17	beta_lactam	1.0						
blaCMY_blaBIL_blaLAT		ERR1713331	ALB.17	beta_lactam	1.0						
blaCTX-M_clust1		ERR1713331	ALB.17	beta_lactam	1.0						
blaFOX_clust		ERR1713331	ALB.17	beta_lactam	7.0						
blaGES_clust		ERR1713331	ALB.17	beta_lactam	41.0						
blaLEN_clust		ERR1713331	ALB.17	beta_lactam	1.0						
blaMOX_clust		ERR1713331	ALB.17	beta_lactam	1.0						
blaNPS_LCR_clust		ERR1713331	ALB.17	beta_lactam	6.0						
blaOCH_clust		ERR1713331	ALB.17	beta_lactam	1.0						
blaOXA-12		ERR1713331	ALB.17	beta_lactam	1.0						
blaOXA-198		ERR1713331	ALB.17	beta_lactam	3.0						
blaOXA-209		ERR1713331	ALB.17	beta_lactam	14.0						
blaOXA-347		ERR1713331	ALB.17	beta_lactam	12.0						
blaOXA-372		ERR1713331	ALB.17	beta_lactam	1.0						
blaOXA-85		ERR1713331	ALB.17	beta_lactam	1.0						
blaOXA-9		ERR1713331	ALB.17	beta_lactam	3.0						
blaOXA_clust1		ERR1713331	ALB.17	beta_lactam	86.0						
blaOXA_clust11		ERR1713331	ALB.17	beta_lactam	2.0						
blaOXA_clust12		ERR1713331	ALB.17	beta_lactam	2.0						
blaOXA_clust15		ERR1713331	ALB.17	beta_lactam	78.0						
blaOXA_clust16		ERR1713331	ALB.17	beta_lactam	1.0						
blaOXA_clust18		ERR1713331	ALB.17	beta_lactam	4.0						
blaOXA_clust20		ERR1713331	ALB.17	beta_lactam	272.0						
blaOXA_clust21		ERR1713331	ALB.17	beta_lactam	165.0						
blaOXA_clust3		ERR1713331	ALB.17	beta_lactam	14.0						
blaOXA_clust6		ERR1713331	ALB.17	beta_lactam	56.0						
blaOXA_clust7		ERR1713331	ALB.17	beta_lactam	43.0						
blaOXA_clust8		ERR1713331	ALB.17	beta_lactam	2653.0						
blaOXY_clust1		ERR1713331	ALB.17	beta_lactam	6.0						
blaPER-6		ERR1713331	ALB.17	beta_lactam	2.0						
blaPER_clust1		ERR1713331	ALB.17	beta_lactam	13.0						
blaRAHN-2		ERR1713331	ALB.17	beta_lactam	4.0						
blaSHV_clust		ERR1713331	ALB.17	beta_lactam	1.0						
blaTEM_clust		ERR1713331	ALB.17	beta_lactam	21.0						
blaVEB_clust		ERR1713331	ALB.17	beta_lactam	37.0						
blaVIM_clust		ERR1713331	ALB.17	beta_lactam	4.0						
cat(pC194)		ERR1713331	ALB.17	phenicol	4.0						
cat(pC221)		ERR1713331	ALB.17	phenicol	1.0						
cat_2		ERR1713331	ALB.17	phenicol	10.0						
cat_clust		ERR1713331	ALB.17	phenicol	2.0						
catA1		ERR1713331	ALB.17	phenicol	4.0						
catB1		ERR1713331	ALB.17	phenicol	1.0						
catB2		ERR1713331	ALB.17	phenicol	2.0						
catB3		ERR1713331	ALB.17	phenicol	9.0						
catQ		ERR1713331	ALB.17	phenicol	9.0						
catS		ERR1713331	ALB.17	phenicol	5.0						
cfxA_clust		ERR1713331	ALB.17	other_or_unmapped	83.0						
cfxA6		ERR1713331	ALB.17	other_or_unmapped	197.0						
cml_clust		ERR1713331	ALB.17	phenicol	44.0						
cmx		ERR1713331	ALB.17	other_or_unmapped	16.0						
dfrA1_clust		ERR1713331	ALB.17	trimethoprim	3.0						
dfrA14_clust		ERR1713331	ALB.17	trimethoprim	10.0						
dfrA15_clust		ERR1713331	ALB.17	trimethoprim	1.0						
dfrA7_dfrA17		ERR1713331	ALB.17	trimethoprim	2.0						
dfrA8		ERR1713331	ALB.17	trimethoprim	1.0						
dfrB_clust		ERR1713331	ALB.17	trimethoprim	1.0						
dfrD		ERR1713331	ALB.17	trimethoprim	5.0						
dfrK_clust		ERR1713331	ALB.17	trimethoprim	2.0						
ere(A)_clust		ERR1713331	ALB.17	other_or_unmapped	54.0						
ere(A)_clust2		ERR1713331	ALB.17	other_or_unmapped	12.0						
ere(B)		ERR1713331	ALB.17	other_or_unmapped	3.0						
erm(42)_clust		ERR1713331	ALB.17	macrolide_lincosamide_streptogramin	2.0						
erm(A)_1_X03216		ERR1713331	ALB.17	macrolide_lincosamide_streptogramin	1.0						
erm(A)_2_AF002716		ERR1713331	ALB.17	macrolide_lincosamide_streptogramin	8.0						
erm(B)_clust		ERR1713331	ALB.17	macrolide_lincosamide_streptogramin	798.0						
erm(C)_clust		ERR1713331	ALB.17	macrolide_lincosamide_streptogramin	1.0						
erm(F)_clust		ERR1713331	ALB.17	macrolide_lincosamide_streptogramin	252.0						
erm(G)_clust		ERR1713331	ALB.17	macrolide_lincosamide_streptogramin	11.0						
erm(T)_4_AJ488494		ERR1713331	ALB.17	macrolide_lincosamide_streptogramin	1.0						
erm(T)_clust		ERR1713331	ALB.17	macrolide_lincosamide_streptogramin	1.0						
erm(X)_clust		ERR1713331	ALB.17	macrolide_lincosamide_streptogramin	5.0						
fexA		ERR1713331	ALB.17	phenicol	1.0						
floR_clust		ERR1713331	ALB.17	phenicol	37.0						
fosA_2_AGDM01000012		ERR1713331	ALB.17	fosfomycin	2.0						
fosA_clust2		ERR1713331	ALB.17	fosfomycin	1.0						
imiS_imiH_blaCEPH_clust		ERR1713331	ALB.17	beta_lactam	8.0						
lnu(A)		ERR1713331	ALB.17	macrolide_lincosamide_streptogramin	1.0						
lnu(B)		ERR1713331	ALB.17	macrolide_lincosamide_streptogramin	41.0						
lnu(C)		ERR1713331	ALB.17	macrolide_lincosamide_streptogramin	11.0						
lnu(D)		ERR1713331	ALB.17	macrolide_lincosamide_streptogramin	1.0						
lnu(F)		ERR1713331	ALB.17	macrolide_lincosamide_streptogramin	9.0						
lsa(A)		ERR1713331	ALB.17	macrolide_lincosamide_streptogramin	1.0						
lsa(C)		ERR1713331	ALB.17	macrolide_lincosamide_streptogramin	2.0						
mef(A)_10_AF376746		ERR1713331	ALB.17	macrolide_lincosamide_streptogramin	99.0						
mef(A)_3_AF227521		ERR1713331	ALB.17	macrolide_lincosamide_streptogramin	51.0						
mef(B)		ERR1713331	ALB.17	macrolide_lincosamide_streptogramin	15.0						
mph(A)		ERR1713331	ALB.17	macrolide_lincosamide_streptogramin	24.0						
mph(B)		ERR1713331	ALB.17	macrolide_lincosamide_streptogramin	5.0						
mph(E)		ERR1713331	ALB.17	macrolide_lincosamide_streptogramin	6420.0						
msr(A)		ERR1713331	ALB.17	macrolide_lincosamide_streptogramin	3.0						
msr(D)		ERR1713331	ALB.17	macrolide_lincosamide_streptogramin	286.0						
msr(E)		ERR1713331	ALB.17	macrolide_lincosamide_streptogramin	13277.0						
optrA		ERR1713331	ALB.17	other_or_unmapped	3.0						
oqxA		ERR1713331	ALB.17	quinolone	5.0						
oqxB		ERR1713331	ALB.17	quinolone	18.0						
QnrB_clust1		ERR1713331	ALB.17	quinolone	4.0						
QnrS_clust2		ERR1713331	ALB.17	quinolone	6.0						
QnrVC_clust1		ERR1713331	ALB.17	quinolone	1.0						
QnrVC_clust2		ERR1713331	ALB.17	quinolone	27.0						
rmtF		ERR1713331	ALB.17	aminoglycoside	3.0						
spc		ERR1713331	ALB.17	other_or_unmapped	4.0						
str		ERR1713331	ALB.17	aminoglycoside	10.0						
strA		ERR1713331	ALB.17	aminoglycoside	497.0						
strB		ERR1713331	ALB.17	aminoglycoside	687.0						
sul1_sul3_clust		ERR1713331	ALB.17	sulfonamide	227.0						
sul2_clust		ERR1713331	ALB.17	sulfonamide	119.0						
sul3_2_AJ459418		ERR1713331	ALB.17	sulfonamide	1.0						
tet(31)		ERR1713331	ALB.17	tetracycline	3.0						
tet(32)		ERR1713331	ALB.17	tetracycline	185.0						
tet(33)		ERR1713331	ALB.17	tetracycline	1.0						
tet(36)		ERR1713331	ALB.17	tetracycline	6.0						
tet(39)		ERR1713331	ALB.17	tetracycline	2715.0						
tet(40)		ERR1713331	ALB.17	tetracycline	66.0						
tet(42)		ERR1713331	ALB.17	tetracycline	7.0						
tet(44)		ERR1713331	ALB.17	tetracycline	37.0						
tet(A)		ERR1713331	ALB.17	tetracycline	61.0						
tet(B)		ERR1713331	ALB.17	tetracycline	17.0						
tet(C)		ERR1713331	ALB.17	tetracycline	63.0						
tet(D)		ERR1713331	ALB.17	tetracycline	1.0						
tet(E)		ERR1713331	ALB.17	tetracycline	13.0						
tet(G)		ERR1713331	ALB.17	tetracycline	25.0						
tet(H)		ERR1713331	ALB.17	tetracycline	14.0						
tet(L)_clust1		ERR1713331	ALB.17	tetracycline	3.0						
tet(M)		ERR1713331	ALB.17	tetracycline	277.0						
tet(O)		ERR1713331	ALB.17	tetracycline	380.0						
tet(Q)		ERR1713331	ALB.17	tetracycline	681.0						
tet(S)		ERR1713331	ALB.17	tetracycline	25.0						
tet(T)		ERR1713331	ALB.17	tetracycline	1.0						
tet(W)		ERR1713331	ALB.17	tetracycline	978.0						
tet(X)_3_AB097942		ERR1713331	ALB.17	tetracycline	4.0						
tet(X)_clust		ERR1713331	ALB.17	tetracycline	109.0						
tet(Y)		ERR1713331	ALB.17	tetracycline	10.0						
tetA(P)		ERR1713331	ALB.17	tetracycline	11.0						
tetB(P)		ERR1713331	ALB.17	tetracycline	9.0						
VanT-G		ERR1713331	ALB.17	aminoglycoside	5.0						
VanW-G		ERR1713331	ALB.17	glycopeptide	1.0						
vga(B)		ERR1713331	ALB.17	macrolide_lincosamide_streptogramin	2.0						
aac(3)-I_aac(3)-Ia		ERR1713331	ALB.17	aminoglycoside	229.0						
aac(3)-Ib		ERR1713331	ALB.17	aminoglycoside	5.0						
aac(3)-Ib-aac(6')-Ib		ERR1713331	ALB.17	aminoglycoside	7.0						
aac(3)-II_clust		ERR1713331	ALB.17	aminoglycoside	55.0						
aac(6')-31		ERR1713331	ALB.17	aminoglycoside	2.0						
aac(6')-aph(2'')_1_M13771		ERR1713331	ALB.17	aminoglycoside	43.0						
aac(6')-Ig		ERR1713331	ALB.17	aminoglycoside	3.0						
aac(6')-IIa		ERR1713331	ALB.17	aminoglycoside	2.0						
aac(6')-IIc		ERR1713331	ALB.17	aminoglycoside	10.0						
aadA_clust1		ERR1713331	ALB.17	aminoglycoside	286.0						
aadA10		ERR1713331	ALB.17	aminoglycoside	13.0						
aadA13		ERR1713331	ALB.17	aminoglycoside	89.0						
aadA14		ERR1713331	ALB.17	aminoglycoside	1.0						
aadA16		ERR1713331	ALB.17	aminoglycoside	10.0						
aadA2		ERR1713331	ALB.17	aminoglycoside	17.0						
aadA4_aadA5		ERR1713331	ALB.17	aminoglycoside	63.0						
aadA7		ERR1713331	ALB.17	aminoglycoside	27.0						
aadB		ERR1713331	ALB.17	aminoglycoside	93.0						
aadD		ERR1713331	ALB.17	aminoglycoside	1.0						
aadE_1_KF421157		ERR1713331	ALB.17	aminoglycoside	7.0						
ampH_ampS		ERR1713334	AUT.70	macrolide_lincosamide_streptogramin		4.0					
ant(3'')-Ih-aac(6')-IId		ERR1713334	AUT.70	aminoglycoside		205.0					
ant(6)-Ia		ERR1713334	AUT.70	aminoglycoside		5.0					
ant(6)-Ib		ERR1713334	AUT.70	aminoglycoside		6.0					
aph(2'')-Ib		ERR1713334	AUT.70	aminoglycoside		10.0					
aph(3')-Ia_aph(3')-Ic		ERR1713334	AUT.70	aminoglycoside		10.0					
aph(3')-IIc_sph		ERR1713334	AUT.70	aminoglycoside		3.0					
aph(3')-III		ERR1713334	AUT.70	aminoglycoside		35.0					
aph(3')-VI		ERR1713334	AUT.70	aminoglycoside		2.0					
aph(3')-XV		ERR1713334	AUT.70	aminoglycoside		1.0					
aph(6)-Ic		ERR1713334	AUT.70	aminoglycoside		4.0					
ARR_clust		ERR1713334	AUT.70	rifamycin		1.0					
blaACC-3		ERR1713334	AUT.70	beta_lactam		1.0					
blaACC_clust		ERR1713334	AUT.70	beta_lactam		1.0					
blaACI-1		ERR1713334	AUT.70	beta_lactam		30.0					
blaACT_clust		ERR1713334	AUT.70	beta_lactam		4.0					
blaACT_CMG_MIR_clust		ERR1713334	AUT.70	beta_lactam		1.0					
blaADC-25		ERR1713334	AUT.70	beta_lactam		1.0					
blaAER-1		ERR1713334	AUT.70	beta_lactam		7.0					
blaBEL		ERR1713334	AUT.70	beta_lactam		2.0					
blaCARB_clust2		ERR1713334	AUT.70	beta_lactam		17.0					
blaCMY_blaBIL_blaLAT		ERR1713334	AUT.70	beta_lactam		6.0					
blaCTX-M_clust1		ERR1713334	AUT.70	beta_lactam		1.0					
blaDES-1		ERR1713334	AUT.70	beta_lactam		1.0					
blaDHA_MOR		ERR1713334	AUT.70	beta_lactam		1.0					
blaEBR-1		ERR1713334	AUT.70	beta_lactam		20.0					
blaFOX_clust		ERR1713334	AUT.70	beta_lactam		6.0					
blaGES_clust		ERR1713334	AUT.70	beta_lactam		51.0					
blaIMP_clust1		ERR1713334	AUT.70	beta_lactam		1.0					
blaIMP_clust4		ERR1713334	AUT.70	beta_lactam		1.0					
blaIMP_clust6		ERR1713334	AUT.70	beta_lactam		2.0					
blaL1		ERR1713334	AUT.70	beta_lactam		1.0					
blaLEN_clust		ERR1713334	AUT.70	beta_lactam		1.0					
blaMIR_clust		ERR1713334	AUT.70	beta_lactam		2.0					
blaNPS_LCR_clust		ERR1713334	AUT.70	beta_lactam		3.0					
blaOKP_clust		ERR1713334	AUT.70	beta_lactam		4.0					
blaOXA-209		ERR1713334	AUT.70	beta_lactam		7.0					
blaOXA-347		ERR1713334	AUT.70	beta_lactam		10.0					
blaOXA-85		ERR1713334	AUT.70	beta_lactam		1.0					
blaOXA-9		ERR1713334	AUT.70	beta_lactam		2.0					
blaOXA_clust1		ERR1713334	AUT.70	beta_lactam		12.0					
blaOXA_clust12		ERR1713334	AUT.70	beta_lactam		5.0					
blaOXA_clust15		ERR1713334	AUT.70	beta_lactam		35.0					
blaOXA_clust18		ERR1713334	AUT.70	beta_lactam		37.0					
blaOXA_clust19		ERR1713334	AUT.70	beta_lactam		1.0					
blaOXA_clust20		ERR1713334	AUT.70	beta_lactam		81.0					
blaOXA_clust21		ERR1713334	AUT.70	beta_lactam		66.0					
blaOXA_clust3		ERR1713334	AUT.70	beta_lactam		6.0					
blaOXA_clust6		ERR1713334	AUT.70	beta_lactam		8.0					
blaOXA_clust7		ERR1713334	AUT.70	beta_lactam		15.0					
blaOXA_clust8		ERR1713334	AUT.70	beta_lactam		616.0					
blaOXY-3		ERR1713334	AUT.70	beta_lactam		1.0					
blaOXY_clust1		ERR1713334	AUT.70	beta_lactam		2.0					
blaPER_clust1		ERR1713334	AUT.70	beta_lactam		1.0					
blaRAHN-2		ERR1713334	AUT.70	beta_lactam		2.0					
blaSHV_clust		ERR1713334	AUT.70	beta_lactam		11.0					
blaTEM_clust		ERR1713334	AUT.70	beta_lactam		23.0					
blaVEB_clust		ERR1713334	AUT.70	beta_lactam		3.0					
cat_2		ERR1713334	AUT.70	phenicol		22.0					
catA1		ERR1713334	AUT.70	phenicol		3.0					
catB3		ERR1713334	AUT.70	phenicol		3.0					
catP		ERR1713334	AUT.70	phenicol		2.0					
catQ		ERR1713334	AUT.70	phenicol		2.0					
catS		ERR1713334	AUT.70	phenicol		2.0					
cepA_clust		ERR1713334	AUT.70	other_or_unmapped		11.0					
cfxA_clust		ERR1713334	AUT.70	other_or_unmapped		76.0					
cfxA6		ERR1713334	AUT.70	other_or_unmapped		92.0					
cmx		ERR1713334	AUT.70	other_or_unmapped		6.0					
dfrA_clust		ERR1713334	AUT.70	trimethoprim		2.0					
dfrA1_clust		ERR1713334	AUT.70	trimethoprim		1.0					
dfrA14_clust		ERR1713334	AUT.70	trimethoprim		1.0					
dfrA7_dfrA17		ERR1713334	AUT.70	trimethoprim		2.0					
ere(A)_clust		ERR1713334	AUT.70	other_or_unmapped		16.0					
ere(A)_clust2		ERR1713334	AUT.70	other_or_unmapped		2.0					
ere(B)		ERR1713334	AUT.70	other_or_unmapped		2.0					
erm(35)		ERR1713334	AUT.70	macrolide_lincosamide_streptogramin		1.0					
erm(A)_2_AF002716		ERR1713334	AUT.70	macrolide_lincosamide_streptogramin		8.0					
erm(A)_3_EU348758		ERR1713334	AUT.70	macrolide_lincosamide_streptogramin		4.0					
erm(B)_clust		ERR1713334	AUT.70	macrolide_lincosamide_streptogramin		1469.0					
erm(C)_clust		ERR1713334	AUT.70	macrolide_lincosamide_streptogramin		2.0					
erm(F)_clust		ERR1713334	AUT.70	macrolide_lincosamide_streptogramin		185.0					
erm(G)_clust		ERR1713334	AUT.70	macrolide_lincosamide_streptogramin		16.0					
erm(Q)		ERR1713334	AUT.70	macrolide_lincosamide_streptogramin		1.0					
erm(T)_4_AJ488494		ERR1713334	AUT.70	macrolide_lincosamide_streptogramin		1.0					
erm(T)_clust		ERR1713334	AUT.70	macrolide_lincosamide_streptogramin		4.0					
erm(X)_clust		ERR1713334	AUT.70	macrolide_lincosamide_streptogramin		4.0					
floR_clust		ERR1713334	AUT.70	phenicol		15.0					
fosA_2_AGDM01000012		ERR1713334	AUT.70	fosfomycin		1.0					
fosA_clust1		ERR1713334	AUT.70	fosfomycin		2.0					
fosA_clust2		ERR1713334	AUT.70	fosfomycin		1.0					
imiS_imiH_blaCEPH_clust		ERR1713334	AUT.70	beta_lactam		6.0					
lnu(B)		ERR1713334	AUT.70	macrolide_lincosamide_streptogramin		138.0					
lnu(C)		ERR1713334	AUT.70	macrolide_lincosamide_streptogramin		27.0					
lnu(F)		ERR1713334	AUT.70	macrolide_lincosamide_streptogramin		3.0					
lsa(C)		ERR1713334	AUT.70	macrolide_lincosamide_streptogramin		9.0					
mef(A)_10_AF376746		ERR1713334	AUT.70	macrolide_lincosamide_streptogramin		176.0					
mef(A)_3_AF227521		ERR1713334	AUT.70	macrolide_lincosamide_streptogramin		48.0					
mef(B)		ERR1713334	AUT.70	macrolide_lincosamide_streptogramin		4.0					
mph(A)		ERR1713334	AUT.70	macrolide_lincosamide_streptogramin		4.0					
mph(E)		ERR1713334	AUT.70	macrolide_lincosamide_streptogramin		1614.0					
msr(C)		ERR1713334	AUT.70	macrolide_lincosamide_streptogramin		1.0					
msr(D)		ERR1713334	AUT.70	macrolide_lincosamide_streptogramin		350.0					
msr(E)		ERR1713334	AUT.70	macrolide_lincosamide_streptogramin		3474.0					
nimE		ERR1713334	AUT.70	other_or_unmapped		1.0					
oqxA		ERR1713334	AUT.70	quinolone		23.0					
oqxB		ERR1713334	AUT.70	quinolone		71.0					
QnrB_clust1		ERR1713334	AUT.70	quinolone		4.0					
QnrB_clust3		ERR1713334	AUT.70	quinolone		1.0					
QnrD		ERR1713334	AUT.70	quinolone		4.0					
QnrS_clust1		ERR1713334	AUT.70	quinolone		2.0					
QnrS_clust2		ERR1713334	AUT.70	quinolone		11.0					
QnrVC_clust1		ERR1713334	AUT.70	quinolone		1.0					
rmtF		ERR1713334	AUT.70	aminoglycoside		1.0					
spc		ERR1713334	AUT.70	other_or_unmapped		2.0					
str		ERR1713334	AUT.70	aminoglycoside		2.0					
strA		ERR1713334	AUT.70	aminoglycoside		64.0					
strB		ERR1713334	AUT.70	aminoglycoside		82.0					
sul1_sul3_clust		ERR1713334	AUT.70	sulfonamide		72.0					
sul2_clust		ERR1713334	AUT.70	sulfonamide		54.0					
tet(31)		ERR1713334	AUT.70	tetracycline		3.0					
tet(32)		ERR1713334	AUT.70	tetracycline		178.0					
tet(36)		ERR1713334	AUT.70	tetracycline		4.0					
tet(39)		ERR1713334	AUT.70	tetracycline		213.0					
tet(40)		ERR1713334	AUT.70	tetracycline		91.0					
tet(44)		ERR1713334	AUT.70	tetracycline		65.0					
tet(A)		ERR1713334	AUT.70	tetracycline		28.0					
tet(B)		ERR1713334	AUT.70	tetracycline		8.0					
tet(C)		ERR1713334	AUT.70	tetracycline		23.0					
tet(E)		ERR1713334	AUT.70	tetracycline		1.0					
tet(G)		ERR1713334	AUT.70	tetracycline		22.0					
tet(H)		ERR1713334	AUT.70	tetracycline		4.0					
tet(L)_clust1		ERR1713334	AUT.70	tetracycline		3.0					
tet(M)		ERR1713334	AUT.70	tetracycline		101.0					
tet(O)		ERR1713334	AUT.70	tetracycline		577.0					
tet(Q)		ERR1713334	AUT.70	tetracycline		554.0					
tet(S)		ERR1713334	AUT.70	tetracycline		2.0					
tet(T)		ERR1713334	AUT.70	tetracycline		15.0					
tet(U)		ERR1713334	AUT.70	tetracycline		1.0					
tet(W)		ERR1713334	AUT.70	tetracycline		1720.0					
tet(X)_3_AB097942		ERR1713334	AUT.70	tetracycline		1.0					
tet(X)_clust		ERR1713334	AUT.70	tetracycline		143.0					
tet(Y)		ERR1713334	AUT.70	tetracycline		2.0					
tetA(P)		ERR1713334	AUT.70	tetracycline		1.0					
VanA_clust		ERR1713334	AUT.70	glycopeptide		1.0					
VanH-D_clust1		ERR1713334	AUT.70	glycopeptide		1.0					
VanR-B		ERR1713334	AUT.70	glycopeptide		1.0					
VanS-B		ERR1713334	AUT.70	glycopeptide		2.0					
VanT-G		ERR1713334	AUT.70	aminoglycoside		5.0					
VanW-G		ERR1713334	AUT.70	glycopeptide		4.0					
VanXY-G		ERR1713334	AUT.70	glycopeptide		1.0					
VanY-B		ERR1713334	AUT.70	glycopeptide		1.0					
vga(A)_clust		ERR1713334	AUT.70	macrolide_lincosamide_streptogramin		1.0					
aac(3)-I_aac(3)-Ia		ERR1713334	AUT.70	aminoglycoside		8.0					
aac(3)-Ib		ERR1713334	AUT.70	aminoglycoside		1.0					
aac(3)-Ib-aac(6')-Ib		ERR1713334	AUT.70	aminoglycoside		4.0					
aac(3)-Ic		ERR1713334	AUT.70	aminoglycoside		1.0					
aac(3)-II_clust		ERR1713334	AUT.70	aminoglycoside		6.0					
aac(6')-32		ERR1713334	AUT.70	aminoglycoside		1.0					
aac(6')-aph(2'')_1_M13771		ERR1713334	AUT.70	aminoglycoside		19.0					
aac(6')-Ia		ERR1713334	AUT.70	aminoglycoside		1.0					
aac(6')-IIa		ERR1713334	AUT.70	aminoglycoside		1.0					
aac(6')-IIc		ERR1713334	AUT.70	aminoglycoside		1.0					
aac(6')-Im		ERR1713334	AUT.70	aminoglycoside		4.0					
aadA_clust1		ERR1713334	AUT.70	aminoglycoside		94.0					
aadA10		ERR1713334	AUT.70	aminoglycoside		29.0					
aadA13		ERR1713334	AUT.70	aminoglycoside		12.0					
aadA16		ERR1713334	AUT.70	aminoglycoside		11.0					
aadA2		ERR1713334	AUT.70	aminoglycoside		6.0					
aadA4_aadA5		ERR1713334	AUT.70	aminoglycoside		85.0					
aadA7		ERR1713334	AUT.70	aminoglycoside		6.0					
aadB		ERR1713334	AUT.70	aminoglycoside		8.0					
aadE_1_KF421157		ERR1713334	AUT.70	aminoglycoside		7.0					
ampH_ampS		ERR1725947	BGR.66	macrolide_lincosamide_streptogramin			7.0				
ant(3'')-Ih-aac(6')-IId		ERR1725947	BGR.66	aminoglycoside			382.0				
ant(6)-Ia		ERR1725947	BGR.66	aminoglycoside			3.0				
ant(6)-Ib		ERR1725947	BGR.66	aminoglycoside			4.0				
aph(2'')-Ib		ERR1725947	BGR.66	aminoglycoside			11.0				
aph(3')-Ia_aph(3')-Ic		ERR1725947	BGR.66	aminoglycoside			8.0				
aph(3')-IIa		ERR1725947	BGR.66	aminoglycoside			5.0				
aph(3')-IIb		ERR1725947	BGR.66	aminoglycoside			3.0				
aph(3')-IIc_sph		ERR1725947	BGR.66	aminoglycoside			1.0				
aph(3')-III		ERR1725947	BGR.66	aminoglycoside			13.0				
aph(3')-VI		ERR1725947	BGR.66	aminoglycoside			15.0				
aph(3')-XV		ERR1725947	BGR.66	aminoglycoside			10.0				
aph(4)-Ia		ERR1725947	BGR.66	aminoglycoside			1.0				
aph(6)-Ic		ERR1725947	BGR.66	aminoglycoside			5.0				
ARR_clust		ERR1725947	BGR.66	rifamycin			5.0				
blaACI-1		ERR1725947	BGR.66	beta_lactam			3.0				
blaACT_clust		ERR1725947	BGR.66	beta_lactam			3.0				
blaACT_CMG_MIR_clust		ERR1725947	BGR.66	beta_lactam			5.0				
blaAER-1		ERR1725947	BGR.66	beta_lactam			24.0				
blaBEL		ERR1725947	BGR.66	beta_lactam			18.0				
blaCARB_clust1		ERR1725947	BGR.66	beta_lactam			5.0				
blaCARB_clust2		ERR1725947	BGR.66	beta_lactam			20.0				
blaCMY_blaBIL_blaLAT		ERR1725947	BGR.66	beta_lactam			14.0				
blaCMY_blaMOX		ERR1725947	BGR.66	beta_lactam			2.0				
blaCTX-M_clust1		ERR1725947	BGR.66	beta_lactam			1.0				
blaEBR-1		ERR1725947	BGR.66	beta_lactam			29.0				
blaFOX_clust		ERR1725947	BGR.66	beta_lactam			11.0				
blaGES_clust		ERR1725947	BGR.66	beta_lactam			110.0				
blaIND_clust1		ERR1725947	BGR.66	beta_lactam			2.0				
blaKPC_clust		ERR1725947	BGR.66	beta_lactam			1.0				
blaL1		ERR1725947	BGR.66	beta_lactam			1.0				
blaMOX_clust		ERR1725947	BGR.66	beta_lactam			2.0				
blaNPS_LCR_clust		ERR1725947	BGR.66	beta_lactam			6.0				
blaOCH_clust		ERR1725947	BGR.66	beta_lactam			1.0				
blaOKP_clust		ERR1725947	BGR.66	beta_lactam			2.0				
blaOXA-12		ERR1725947	BGR.66	beta_lactam			2.0				
blaOXA-198		ERR1725947	BGR.66	beta_lactam			1.0				
blaOXA-209		ERR1725947	BGR.66	beta_lactam			20.0				
blaOXA-347		ERR1725947	BGR.66	beta_lactam			14.0				
blaOXA-9		ERR1725947	BGR.66	beta_lactam			1.0				
blaOXA_clust1		ERR1725947	BGR.66	beta_lactam			58.0				
blaOXA_clust11		ERR1725947	BGR.66	beta_lactam			2.0				
blaOXA_clust15		ERR1725947	BGR.66	beta_lactam			144.0				
blaOXA_clust18		ERR1725947	BGR.66	beta_lactam			27.0				
blaOXA_clust19		ERR1725947	BGR.66	beta_lactam			1.0				
blaOXA_clust20		ERR1725947	BGR.66	beta_lactam			235.0				
blaOXA_clust21		ERR1725947	BGR.66	beta_lactam			175.0				
blaOXA_clust5		ERR1725947	BGR.66	beta_lactam			1.0				
blaOXA_clust6		ERR1725947	BGR.66	beta_lactam			95.0				
blaOXA_clust7		ERR1725947	BGR.66	beta_lactam			57.0				
blaOXA_clust8		ERR1725947	BGR.66	beta_lactam			994.0				
blaOXY_clust1		ERR1725947	BGR.66	beta_lactam			5.0				
blaPER_clust1		ERR1725947	BGR.66	beta_lactam			1.0				
blaSHV_clust		ERR1725947	BGR.66	beta_lactam			3.0				
blaTEM_clust		ERR1725947	BGR.66	beta_lactam			12.0				
blaVEB_clust		ERR1725947	BGR.66	beta_lactam			24.0				
cat_2		ERR1725947	BGR.66	phenicol			3.0				
catA1		ERR1725947	BGR.66	phenicol			4.0				
catB2		ERR1725947	BGR.66	phenicol			2.0				
catB3		ERR1725947	BGR.66	phenicol			21.0				
catB8		ERR1725947	BGR.66	phenicol			1.0				
catQ		ERR1725947	BGR.66	phenicol			19.0				
catS		ERR1725947	BGR.66	phenicol			2.0				
cepA_clust		ERR1725947	BGR.66	other_or_unmapped			9.0				
cfxA_clust		ERR1725947	BGR.66	other_or_unmapped			92.0				
cfxA6		ERR1725947	BGR.66	other_or_unmapped			58.0				
cml_clust		ERR1725947	BGR.66	phenicol			74.0				
cmx		ERR1725947	BGR.66	other_or_unmapped			4.0				
dfrA1_clust		ERR1725947	BGR.66	trimethoprim			5.0				
dfrA12		ERR1725947	BGR.66	trimethoprim			1.0				
dfrA14_clust		ERR1725947	BGR.66	trimethoprim			20.0				
dfrA16_clust		ERR1725947	BGR.66	trimethoprim			2.0				
dfrA3		ERR1725947	BGR.66	trimethoprim			1.0				
ere(A)_clust		ERR1725947	BGR.66	other_or_unmapped			73.0				
ere(A)_clust2		ERR1725947	BGR.66	other_or_unmapped			18.0				
ere(B)		ERR1725947	BGR.66	other_or_unmapped			3.0				
erm(35)		ERR1725947	BGR.66	macrolide_lincosamide_streptogramin			1.0				
erm(A)_2_AF002716		ERR1725947	BGR.66	macrolide_lincosamide_streptogramin			14.0				
erm(B)_clust		ERR1725947	BGR.66	macrolide_lincosamide_streptogramin			787.0				
erm(F)_clust		ERR1725947	BGR.66	macrolide_lincosamide_streptogramin			219.0				
erm(G)_clust		ERR1725947	BGR.66	macrolide_lincosamide_streptogramin			17.0				
erm(T)_4_AJ488494		ERR1725947	BGR.66	macrolide_lincosamide_streptogramin			1.0				
erm(X)_clust		ERR1725947	BGR.66	macrolide_lincosamide_streptogramin			5.0				
floR_clust		ERR1725947	BGR.66	phenicol			25.0				
fosA_clust2		ERR1725947	BGR.66	fosfomycin			1.0				
imiS_imiH_blaCEPH_clust		ERR1725947	BGR.66	beta_lactam			3.0				
lnu(A)		ERR1725947	BGR.66	macrolide_lincosamide_streptogramin			6.0				
lnu(B)		ERR1725947	BGR.66	macrolide_lincosamide_streptogramin			71.0				
lnu(C)		ERR1725947	BGR.66	macrolide_lincosamide_streptogramin			10.0				
lnu(D)		ERR1725947	BGR.66	macrolide_lincosamide_streptogramin			1.0				
lnu(F)		ERR1725947	BGR.66	macrolide_lincosamide_streptogramin			2.0				
mef(A)_10_AF376746		ERR1725947	BGR.66	macrolide_lincosamide_streptogramin			99.0				
mef(A)_3_AF227521		ERR1725947	BGR.66	macrolide_lincosamide_streptogramin			70.0				
mef(B)		ERR1725947	BGR.66	macrolide_lincosamide_streptogramin			19.0				
mph(A)		ERR1725947	BGR.66	macrolide_lincosamide_streptogramin			56.0				
mph(B)		ERR1725947	BGR.66	macrolide_lincosamide_streptogramin			1.0				
mph(E)		ERR1725947	BGR.66	macrolide_lincosamide_streptogramin			2126.0				
msr(D)		ERR1725947	BGR.66	macrolide_lincosamide_streptogramin			205.0				
msr(E)		ERR1725947	BGR.66	macrolide_lincosamide_streptogramin			4655.0				
oqxA		ERR1725947	BGR.66	quinolone			19.0				
oqxB		ERR1725947	BGR.66	quinolone			37.0				
QnrB_clust1		ERR1725947	BGR.66	quinolone			6.0				
QnrB_clust3		ERR1725947	BGR.66	quinolone			1.0				
QnrD		ERR1725947	BGR.66	quinolone			2.0				
QnrS_clust1		ERR1725947	BGR.66	quinolone			3.0				
QnrS_clust2		ERR1725947	BGR.66	quinolone			10.0				
QnrVC_clust2		ERR1725947	BGR.66	quinolone			27.0				
spc		ERR1725947	BGR.66	other_or_unmapped			1.0				
str		ERR1725947	BGR.66	aminoglycoside			10.0				
strA		ERR1725947	BGR.66	aminoglycoside			362.0				
strB		ERR1725947	BGR.66	aminoglycoside			438.0				
sul1_sul3_clust		ERR1725947	BGR.66	sulfonamide			199.0				
sul2_clust		ERR1725947	BGR.66	sulfonamide			53.0				
tet(31)		ERR1725947	BGR.66	tetracycline			1.0				
tet(32)		ERR1725947	BGR.66	tetracycline			104.0				
tet(36)		ERR1725947	BGR.66	tetracycline			19.0				
tet(39)		ERR1725947	BGR.66	tetracycline			625.0				
tet(40)		ERR1725947	BGR.66	tetracycline			23.0				
tet(44)		ERR1725947	BGR.66	tetracycline			25.0				
tet(A)		ERR1725947	BGR.66	tetracycline			56.0				
tet(B)		ERR1725947	BGR.66	tetracycline			13.0				
tet(C)		ERR1725947	BGR.66	tetracycline			113.0				
tet(E)		ERR1725947	BGR.66	tetracycline			25.0				
tet(G)		ERR1725947	BGR.66	tetracycline			51.0				
tet(H)		ERR1725947	BGR.66	tetracycline			12.0				
tet(M)		ERR1725947	BGR.66	tetracycline			128.0				
tet(O)		ERR1725947	BGR.66	tetracycline			142.0				
tet(Q)		ERR1725947	BGR.66	tetracycline			819.0				
tet(S)		ERR1725947	BGR.66	tetracycline			17.0				
tet(T)		ERR1725947	BGR.66	tetracycline			10.0				
tet(W)		ERR1725947	BGR.66	tetracycline			463.0				
tet(X)_3_AB097942		ERR1725947	BGR.66	tetracycline			6.0				
tet(X)_clust		ERR1725947	BGR.66	tetracycline			295.0				
tet(Y)		ERR1725947	BGR.66	tetracycline			2.0				
tetA(P)		ERR1725947	BGR.66	tetracycline			6.0				
VanW-G		ERR1725947	BGR.66	glycopeptide			2.0				
aac(3)-I_aac(3)-Ia		ERR1725947	BGR.66	aminoglycoside			44.0				
aac(3)-Ib-aac(6')-Ib		ERR1725947	BGR.66	aminoglycoside			3.0				
aac(3)-Id		ERR1725947	BGR.66	aminoglycoside			1.0				
aac(3)-II_clust		ERR1725947	BGR.66	aminoglycoside			20.0				
aac(3)-Iva		ERR1725947	BGR.66	aminoglycoside			4.0				
aac(6')-aph(2'')_1_M13771		ERR1725947	BGR.66	aminoglycoside			39.0				
aac(6')-IIa		ERR1725947	BGR.66	aminoglycoside			2.0				
aac(6')-IIc		ERR1725947	BGR.66	aminoglycoside			2.0				
aac(6')-Im		ERR1725947	BGR.66	aminoglycoside			6.0				
aac(6')-Is_aac(6')-Iu		ERR1725947	BGR.66	aminoglycoside			1.0				
aadA_clust1		ERR1725947	BGR.66	aminoglycoside			349.0				
aadA10		ERR1725947	BGR.66	aminoglycoside			27.0				
aadA13		ERR1725947	BGR.66	aminoglycoside			79.0				
aadA16		ERR1725947	BGR.66	aminoglycoside			14.0				
aadA2		ERR1725947	BGR.66	aminoglycoside			23.0				
aadA4_aadA5		ERR1725947	BGR.66	aminoglycoside			189.0				
aadA7		ERR1725947	BGR.66	aminoglycoside			18.0				
aadB		ERR1725947	BGR.66	aminoglycoside			33.0				
aadD		ERR1725947	BGR.66	aminoglycoside			1.0				
aadE_1_KF421157		ERR1725947	BGR.66	aminoglycoside			15.0				
ant(3'')-Ih-aac(6')-IId		ERR1713337	BRA.53	aminoglycoside				230.0			
ant(6)-Ia		ERR1713337	BRA.53	aminoglycoside				5.0			
aph(2'')-Ib		ERR1713337	BRA.53	aminoglycoside				1.0			
aph(2'')-Id_aph(2'')-Ie		ERR1713337	BRA.53	aminoglycoside				16.0			
aph(3')-Ia_aph(3')-Ic		ERR1713337	BRA.53	aminoglycoside				32.0			
aph(3')-III		ERR1713337	BRA.53	aminoglycoside				32.0			
aph(3')-VI		ERR1713337	BRA.53	aminoglycoside				35.0			
aph(3')-XV		ERR1713337	BRA.53	aminoglycoside				25.0			
blaACI-1		ERR1713337	BRA.53	beta_lactam				16.0			
blaACT-9		ERR1713337	BRA.53	beta_lactam				3.0			
blaACT_CMG_MIR_clust		ERR1713337	BRA.53	beta_lactam				16.0			
blaADC-25		ERR1713337	BRA.53	beta_lactam				1.0			
blaAER-1		ERR1713337	BRA.53	beta_lactam				24.0			
blaCARB-4		ERR1713337	BRA.53	beta_lactam				2.0			
blaCARB_clust1		ERR1713337	BRA.53	beta_lactam				27.0			
blaCARB_clust2		ERR1713337	BRA.53	beta_lactam				477.0			
blaCARB_clust3		ERR1713337	BRA.53	beta_lactam				1.0			
blaCMY_blaBIL_blaLAT		ERR1713337	BRA.53	beta_lactam				8.0			
blaCTX-M_clust1		ERR1713337	BRA.53	beta_lactam				2.0			
blaCTX-M_clust2		ERR1713337	BRA.53	beta_lactam				1.0			
blaCTX-M_clust7		ERR1713337	BRA.53	beta_lactam				2.0			
blaEBR-1		ERR1713337	BRA.53	beta_lactam				2.0			
blaGES_clust		ERR1713337	BRA.53	beta_lactam				277.0			
blaHERA_clust		ERR1713337	BRA.53	beta_lactam				1.0			
blaIMP_clust4		ERR1713337	BRA.53	beta_lactam				1.0			
blaKPC_clust		ERR1713337	BRA.53	beta_lactam				54.0			
blaLEN_clust		ERR1713337	BRA.53	beta_lactam				1.0			
blaMIR_clust		ERR1713337	BRA.53	beta_lactam				4.0			
blaMOX_clust		ERR1713337	BRA.53	beta_lactam				1.0			
blaNPS_LCR_clust		ERR1713337	BRA.53	beta_lactam				2.0			
blaOKP_clust		ERR1713337	BRA.53	beta_lactam				4.0			
blaOXA-209		ERR1713337	BRA.53	beta_lactam				2.0			
blaOXA-22		ERR1713337	BRA.53	beta_lactam				1.0			
blaOXA-347		ERR1713337	BRA.53	beta_lactam				2.0			
blaOXA-9		ERR1713337	BRA.53	beta_lactam				27.0			
blaOXA_clust1		ERR1713337	BRA.53	beta_lactam				104.0			
blaOXA_clust11		ERR1713337	BRA.53	beta_lactam				2.0			
blaOXA_clust13		ERR1713337	BRA.53	beta_lactam				6.0			
blaOXA_clust15		ERR1713337	BRA.53	beta_lactam				100.0			
blaOXA_clust16		ERR1713337	BRA.53	beta_lactam				1.0			
blaOXA_clust18		ERR1713337	BRA.53	beta_lactam				66.0			
blaOXA_clust20		ERR1713337	BRA.53	beta_lactam				193.0			
blaOXA_clust21		ERR1713337	BRA.53	beta_lactam				900.0			
blaOXA_clust3		ERR1713337	BRA.53	beta_lactam				2.0			
blaOXA_clust5		ERR1713337	BRA.53	beta_lactam				5.0			
blaOXA_clust6		ERR1713337	BRA.53	beta_lactam				53.0			
blaOXA_clust7		ERR1713337	BRA.53	beta_lactam				48.0			
blaOXA_clust8		ERR1713337	BRA.53	beta_lactam				73.0			
blaOXY_clust1		ERR1713337	BRA.53	beta_lactam				2.0			
blaROB-1		ERR1713337	BRA.53	beta_lactam				34.0			
blaSHV_clust		ERR1713337	BRA.53	beta_lactam				3.0			
blaTEM_clust		ERR1713337	BRA.53	beta_lactam				634.0			
blaTLA-1		ERR1713337	BRA.53	beta_lactam				194.0			
blaZ_clust		ERR1713337	BRA.53	beta_lactam				1.0			
cat_2		ERR1713337	BRA.53	phenicol				3.0			
cat_clust		ERR1713337	BRA.53	phenicol				1.0			
catA1		ERR1713337	BRA.53	phenicol				30.0			
catB3		ERR1713337	BRA.53	phenicol				31.0			
catB8		ERR1713337	BRA.53	phenicol				1.0			
catP		ERR1713337	BRA.53	phenicol				1.0			
catQ		ERR1713337	BRA.53	phenicol				18.0			
cfxA_clust		ERR1713337	BRA.53	other_or_unmapped				9.0			
cfxA6		ERR1713337	BRA.53	other_or_unmapped				30.0			
cml_clust		ERR1713337	BRA.53	phenicol				22.0			
dfrA_clust		ERR1713337	BRA.53	trimethoprim				88.0			
dfrA1_clust		ERR1713337	BRA.53	trimethoprim				1.0			
dfrA12		ERR1713337	BRA.53	trimethoprim				1.0			
dfrA14_clust		ERR1713337	BRA.53	trimethoprim				70.0			
dfrA8		ERR1713337	BRA.53	trimethoprim				7.0			
ere(A)_clust		ERR1713337	BRA.53	other_or_unmapped				137.0			
ere(A)_clust2		ERR1713337	BRA.53	other_or_unmapped				17.0			
erm(A)_2_AF002716		ERR1713337	BRA.53	macrolide_lincosamide_streptogramin				3.0			
erm(B)_clust		ERR1713337	BRA.53	macrolide_lincosamide_streptogramin				183.0			
erm(F)_clust		ERR1713337	BRA.53	macrolide_lincosamide_streptogramin				35.0			
erm(G)_clust		ERR1713337	BRA.53	macrolide_lincosamide_streptogramin				21.0			
erm(T)_clust		ERR1713337	BRA.53	macrolide_lincosamide_streptogramin				3.0			
floR_clust		ERR1713337	BRA.53	phenicol				13.0			
fosA_clust1		ERR1713337	BRA.53	fosfomycin				2.0			
fosA_clust2		ERR1713337	BRA.53	fosfomycin				1.0			
imiS_imiH_blaCEPH_clust		ERR1713337	BRA.53	beta_lactam				1.0			
lnu(B)		ERR1713337	BRA.53	macrolide_lincosamide_streptogramin				10.0			
lnu(C)		ERR1713337	BRA.53	macrolide_lincosamide_streptogramin				16.0			
lnu(D)		ERR1713337	BRA.53	macrolide_lincosamide_streptogramin				6.0			
lnu(F)		ERR1713337	BRA.53	macrolide_lincosamide_streptogramin				4.0			
lsa(C)		ERR1713337	BRA.53	macrolide_lincosamide_streptogramin				71.0			
mef(A)_10_AF376746		ERR1713337	BRA.53	macrolide_lincosamide_streptogramin				368.0			
mef(A)_3_AF227521		ERR1713337	BRA.53	macrolide_lincosamide_streptogramin				131.0			
mef(B)		ERR1713337	BRA.53	macrolide_lincosamide_streptogramin				8.0			
mph(A)		ERR1713337	BRA.53	macrolide_lincosamide_streptogramin				15.0			
mph(B)		ERR1713337	BRA.53	macrolide_lincosamide_streptogramin				1.0			
mph(E)		ERR1713337	BRA.53	macrolide_lincosamide_streptogramin				4560.0			
msr(C)		ERR1713337	BRA.53	macrolide_lincosamide_streptogramin				4.0			
msr(D)		ERR1713337	BRA.53	macrolide_lincosamide_streptogramin				954.0			
msr(E)		ERR1713337	BRA.53	macrolide_lincosamide_streptogramin				9704.0			
oqxA		ERR1713337	BRA.53	quinolone				21.0			
oqxB		ERR1713337	BRA.53	quinolone				76.0			
QnrB_clust1		ERR1713337	BRA.53	quinolone				16.0			
QnrD		ERR1713337	BRA.53	quinolone				3.0			
QnrS_clust1		ERR1713337	BRA.53	quinolone				1.0			
QnrS_clust2		ERR1713337	BRA.53	quinolone				38.0			
QnrVC_clust1		ERR1713337	BRA.53	quinolone				2.0			
QnrVC_clust2		ERR1713337	BRA.53	quinolone				5.0			
spc		ERR1713337	BRA.53	other_or_unmapped				1.0			
str		ERR1713337	BRA.53	aminoglycoside				8.0			
strA		ERR1713337	BRA.53	aminoglycoside				116.0			
strB		ERR1713337	BRA.53	aminoglycoside				147.0			
sul1_sul3_clust		ERR1713337	BRA.53	sulfonamide				479.0			
sul2_clust		ERR1713337	BRA.53	sulfonamide				158.0			
tet(31)		ERR1713337	BRA.53	tetracycline				2.0			
tet(32)		ERR1713337	BRA.53	tetracycline				123.0			
tet(36)		ERR1713337	BRA.53	tetracycline				2.0			
tet(39)		ERR1713337	BRA.53	tetracycline				483.0			
tet(40)		ERR1713337	BRA.53	tetracycline				44.0			
tet(44)		ERR1713337	BRA.53	tetracycline				9.0			
tet(A)		ERR1713337	BRA.53	tetracycline				12.0			
tet(B)		ERR1713337	BRA.53	tetracycline				13.0			
tet(C)		ERR1713337	BRA.53	tetracycline				1320.0			
tet(E)		ERR1713337	BRA.53	tetracycline				7.0			
tet(G)		ERR1713337	BRA.53	tetracycline				25.0			
tet(H)		ERR1713337	BRA.53	tetracycline				3.0			
tet(K)		ERR1713337	BRA.53	tetracycline				1.0			
tet(L)_1_HM235948		ERR1713337	BRA.53	tetracycline				1.0			
tet(L)_clust1		ERR1713337	BRA.53	tetracycline				2.0			
tet(M)		ERR1713337	BRA.53	tetracycline				99.0			
tet(O)		ERR1713337	BRA.53	tetracycline				372.0			
tet(Q)		ERR1713337	BRA.53	tetracycline				106.0			
tet(S)		ERR1713337	BRA.53	tetracycline				6.0			
tet(T)		ERR1713337	BRA.53	tetracycline				3.0			
tet(W)		ERR1713337	BRA.53	tetracycline				381.0			
tet(X)_clust		ERR1713337	BRA.53	tetracycline				43.0			
tet(Y)		ERR1713337	BRA.53	tetracycline				40.0			
tetB(P)		ERR1713337	BRA.53	tetracycline				2.0			
VanT-C_clust2		ERR1713337	BRA.53	aminoglycoside				1.0			
VanT-G		ERR1713337	BRA.53	aminoglycoside				20.0			
VanW-G		ERR1713337	BRA.53	glycopeptide				5.0			
aac(3)-I_aac(3)-Ia		ERR1713337	BRA.53	aminoglycoside				1.0			
aac(3)-Ib-aac(6')-Ib		ERR1713337	BRA.53	aminoglycoside				20.0			
aac(3)-II_clust		ERR1713337	BRA.53	aminoglycoside				1.0			
aac(6')-31		ERR1713337	BRA.53	aminoglycoside				4.0			
aac(6')-32		ERR1713337	BRA.53	aminoglycoside				6.0			
aac(6')-aph(2'')_1_M13771		ERR1713337	BRA.53	aminoglycoside				64.0			
aac(6')-IIa		ERR1713337	BRA.53	aminoglycoside				12.0			
aac(6')-IIc		ERR1713337	BRA.53	aminoglycoside				3.0			
aadA_clust1		ERR1713337	BRA.53	aminoglycoside				730.0			
aadA10		ERR1713337	BRA.53	aminoglycoside				27.0			
aadA13		ERR1713337	BRA.53	aminoglycoside				11.0			
aadA16		ERR1713337	BRA.53	aminoglycoside				5.0			
aadA2		ERR1713337	BRA.53	aminoglycoside				43.0			
aadA4_aadA5		ERR1713337	BRA.53	aminoglycoside				97.0			
aadA7		ERR1713337	BRA.53	aminoglycoside				43.0			
aadB		ERR1713337	BRA.53	aminoglycoside				68.0			
aadE_1_KF421157		ERR1713337	BRA.53	aminoglycoside				2.0			
ampH_ampS		ERR1713339	CAN.22	macrolide_lincosamide_streptogramin					1.0		
ant(3'')-Ih-aac(6')-IId		ERR1713339	CAN.22	aminoglycoside					36.0		
ant(6)-Ia		ERR1713339	CAN.22	aminoglycoside					3.0		
ant(6)-Ib		ERR1713339	CAN.22	aminoglycoside					8.0		
aph(2'')-Ib		ERR1713339	CAN.22	aminoglycoside					3.0		
aph(3')-Ia_aph(3')-Ic		ERR1713339	CAN.22	aminoglycoside					3.0		
aph(3')-IIc_sph		ERR1713339	CAN.22	aminoglycoside					1.0		
aph(3')-III		ERR1713339	CAN.22	aminoglycoside					9.0		
aph(3')-VI		ERR1713339	CAN.22	aminoglycoside					2.0		
aph(3')-XV		ERR1713339	CAN.22	aminoglycoside					14.0		
ARR_clust		ERR1713339	CAN.22	rifamycin					2.0		
blaACI-1		ERR1713339	CAN.22	beta_lactam					16.0		
blaACT-9		ERR1713339	CAN.22	beta_lactam					3.0		
blaACT_clust		ERR1713339	CAN.22	beta_lactam					6.0		
blaACT_CMG_MIR_clust		ERR1713339	CAN.22	beta_lactam					15.0		
blaAER-1		ERR1713339	CAN.22	beta_lactam					139.0		
blaBEL		ERR1713339	CAN.22	beta_lactam					4.0		
blaCARB-4		ERR1713339	CAN.22	beta_lactam					2.0		
blaCARB_clust1		ERR1713339	CAN.22	beta_lactam					11.0		
blaCARB_clust2		ERR1713339	CAN.22	beta_lactam					85.0		
blaCMY_blaBIL_blaLAT		ERR1713339	CAN.22	beta_lactam					17.0		
blaCMY_blaMOX		ERR1713339	CAN.22	beta_lactam					1.0		
blaCTX-M_clust1		ERR1713339	CAN.22	beta_lactam					7.0		
blaDES-1		ERR1713339	CAN.22	beta_lactam					1.0		
blaFONA_clust		ERR1713339	CAN.22	beta_lactam					3.0		
blaFOX_clust		ERR1713339	CAN.22	beta_lactam					1.0		
blaGES_clust		ERR1713339	CAN.22	beta_lactam					14.0		
blaL1		ERR1713339	CAN.22	beta_lactam					2.0		
blaLEN_clust		ERR1713339	CAN.22	beta_lactam					1.0		
blaMIR_clust		ERR1713339	CAN.22	beta_lactam					3.0		
blaMOX_clust		ERR1713339	CAN.22	beta_lactam					1.0		
blaNPS_LCR_clust		ERR1713339	CAN.22	beta_lactam					48.0		
blaOKP_clust		ERR1713339	CAN.22	beta_lactam					1.0		
blaOXA-209		ERR1713339	CAN.22	beta_lactam					16.0		
blaOXA-347		ERR1713339	CAN.22	beta_lactam					20.0		
blaOXA-372		ERR1713339	CAN.22	beta_lactam					2.0		
blaOXA-53		ERR1713339	CAN.22	beta_lactam					1.0		
blaOXA-85		ERR1713339	CAN.22	beta_lactam					19.0		
blaOXA_clust1		ERR1713339	CAN.22	beta_lactam					9.0		
blaOXA_clust15		ERR1713339	CAN.22	beta_lactam					41.0		
blaOXA_clust18		ERR1713339	CAN.22	beta_lactam					4.0		
blaOXA_clust19		ERR1713339	CAN.22	beta_lactam					1.0		
blaOXA_clust20		ERR1713339	CAN.22	beta_lactam					8.0		
blaOXA_clust21		ERR1713339	CAN.22	beta_lactam					152.0		
blaOXA_clust3		ERR1713339	CAN.22	beta_lactam					2.0		
blaOXA_clust6		ERR1713339	CAN.22	beta_lactam					168.0		
blaOXA_clust7		ERR1713339	CAN.22	beta_lactam					3.0		
blaOXA_clust8		ERR1713339	CAN.22	beta_lactam					161.0		
blaOXY-3		ERR1713339	CAN.22	beta_lactam					1.0		
blaOXY_clust1		ERR1713339	CAN.22	beta_lactam					9.0		
blaSED1		ERR1713339	CAN.22	beta_lactam					1.0		
blaSHV_clust		ERR1713339	CAN.22	beta_lactam					3.0		
blaTEM_clust		ERR1713339	CAN.22	beta_lactam					13.0		
blaTLA-1		ERR1713339	CAN.22	beta_lactam					2.0		
blaVEB_clust		ERR1713339	CAN.22	beta_lactam					6.0		
blaVIM_clust		ERR1713339	CAN.22	beta_lactam					1.0		
cat(pC194)		ERR1713339	CAN.22	phenicol					1.0		
cat_2		ERR1713339	CAN.22	phenicol					1.0		
catA1		ERR1713339	CAN.22	phenicol					1.0		
catA2		ERR1713339	CAN.22	phenicol					1.0		
catB3		ERR1713339	CAN.22	phenicol					1.0		
catP		ERR1713339	CAN.22	phenicol					4.0		
catQ		ERR1713339	CAN.22	phenicol					6.0		
catS		ERR1713339	CAN.22	phenicol					1.0		
cepA_clust		ERR1713339	CAN.22	other_or_unmapped					2.0		
cfxA_clust		ERR1713339	CAN.22	other_or_unmapped					19.0		
cfxA6		ERR1713339	CAN.22	other_or_unmapped					13.0		
cml_clust		ERR1713339	CAN.22	phenicol					6.0		
cmx		ERR1713339	CAN.22	other_or_unmapped					26.0		
dfrA1_clust		ERR1713339	CAN.22	trimethoprim					5.0		
dfrA10		ERR1713339	CAN.22	trimethoprim					1.0		
dfrA14_clust		ERR1713339	CAN.22	trimethoprim					1.0		
dfrA15_clust		ERR1713339	CAN.22	trimethoprim					2.0		
dfrA16_clust		ERR1713339	CAN.22	trimethoprim					3.0		
dfrA29		ERR1713339	CAN.22	trimethoprim					1.0		
ere(A)_clust		ERR1713339	CAN.22	other_or_unmapped					50.0		
ere(A)_clust2		ERR1713339	CAN.22	other_or_unmapped					67.0		
ere(B)		ERR1713339	CAN.22	other_or_unmapped					2.0		
erm(36)		ERR1713339	CAN.22	macrolide_lincosamide_streptogramin					1.0		
erm(A)_2_AF002716		ERR1713339	CAN.22	macrolide_lincosamide_streptogramin					38.0		
erm(B)_clust		ERR1713339	CAN.22	macrolide_lincosamide_streptogramin					2508.0		
erm(F)_clust		ERR1713339	CAN.22	macrolide_lincosamide_streptogramin					109.0		
erm(G)_clust		ERR1713339	CAN.22	macrolide_lincosamide_streptogramin					59.0		
erm(Q)		ERR1713339	CAN.22	macrolide_lincosamide_streptogramin					2.0		
erm(T)_4_AJ488494		ERR1713339	CAN.22	macrolide_lincosamide_streptogramin					1.0		
erm(T)_clust		ERR1713339	CAN.22	macrolide_lincosamide_streptogramin					2.0		
erm(X)_clust		ERR1713339	CAN.22	macrolide_lincosamide_streptogramin					5.0		
floR_clust		ERR1713339	CAN.22	phenicol					12.0		
fosA_2_AGDM01000012		ERR1713339	CAN.22	fosfomycin					2.0		
fosA_clust1		ERR1713339	CAN.22	fosfomycin					3.0		
imiS_imiH_blaCEPH_clust		ERR1713339	CAN.22	beta_lactam					1.0		
lnu(A)		ERR1713339	CAN.22	macrolide_lincosamide_streptogramin					2.0		
lnu(B)		ERR1713339	CAN.22	macrolide_lincosamide_streptogramin					358.0		
lnu(C)		ERR1713339	CAN.22	macrolide_lincosamide_streptogramin					17.0		
lnu(D)		ERR1713339	CAN.22	macrolide_lincosamide_streptogramin					52.0		
lnu(F)		ERR1713339	CAN.22	macrolide_lincosamide_streptogramin					41.0		
lsa(A)		ERR1713339	CAN.22	macrolide_lincosamide_streptogramin					1.0		
lsa(C)		ERR1713339	CAN.22	macrolide_lincosamide_streptogramin					3.0		
mef(A)_10_AF376746		ERR1713339	CAN.22	macrolide_lincosamide_streptogramin					916.0		
mef(A)_3_AF227521		ERR1713339	CAN.22	macrolide_lincosamide_streptogramin					252.0		
mef(B)		ERR1713339	CAN.22	macrolide_lincosamide_streptogramin					116.0		
mph(A)		ERR1713339	CAN.22	macrolide_lincosamide_streptogramin					10.0		
mph(E)		ERR1713339	CAN.22	macrolide_lincosamide_streptogramin					691.0		
msr(D)		ERR1713339	CAN.22	macrolide_lincosamide_streptogramin					1578.0		
msr(E)		ERR1713339	CAN.22	macrolide_lincosamide_streptogramin					1196.0		
oqxA		ERR1713339	CAN.22	quinolone					20.0		
oqxB		ERR1713339	CAN.22	quinolone					85.0		
qepA_clust		ERR1713339	CAN.22	quinolone					4.0		
QnrB_clust1		ERR1713339	CAN.22	quinolone					4.0		
QnrB_clust2		ERR1713339	CAN.22	quinolone					1.0		
QnrB_clust3		ERR1713339	CAN.22	quinolone					1.0		
QnrD		ERR1713339	CAN.22	quinolone					10.0		
QnrS_clust2		ERR1713339	CAN.22	quinolone					7.0		
QnrVC_clust2		ERR1713339	CAN.22	quinolone					2.0		
str		ERR1713339	CAN.22	aminoglycoside					5.0		
strA		ERR1713339	CAN.22	aminoglycoside					100.0		
strB		ERR1713339	CAN.22	aminoglycoside					99.0		
sul1_sul3_clust		ERR1713339	CAN.22	sulfonamide					255.0		
sul2_clust		ERR1713339	CAN.22	sulfonamide					59.0		
tet(31)		ERR1713339	CAN.22	tetracycline					1.0		
tet(32)		ERR1713339	CAN.22	tetracycline					54.0		
tet(36)		ERR1713339	CAN.22	tetracycline					19.0		
tet(39)		ERR1713339	CAN.22	tetracycline					217.0		
tet(40)		ERR1713339	CAN.22	tetracycline					24.0		
tet(42)		ERR1713339	CAN.22	tetracycline					4.0		
tet(44)		ERR1713339	CAN.22	tetracycline					53.0		
tet(A)		ERR1713339	CAN.22	tetracycline					44.0		
tet(B)		ERR1713339	CAN.22	tetracycline					4.0		
tet(C)		ERR1713339	CAN.22	tetracycline					253.0		
tet(E)		ERR1713339	CAN.22	tetracycline					1.0		
tet(G)		ERR1713339	CAN.22	tetracycline					33.0		
tet(L)_clust1		ERR1713339	CAN.22	tetracycline					3.0		
tet(M)		ERR1713339	CAN.22	tetracycline					222.0		
tet(O)		ERR1713339	CAN.22	tetracycline					216.0		
tet(Q)		ERR1713339	CAN.22	tetracycline					92.0		
tet(S)		ERR1713339	CAN.22	tetracycline					42.0		
tet(T)		ERR1713339	CAN.22	tetracycline					8.0		
tet(W)		ERR1713339	CAN.22	tetracycline					328.0		
tet(X)_3_AB097942		ERR1713339	CAN.22	tetracycline					1.0		
tet(X)_clust		ERR1713339	CAN.22	tetracycline					46.0		
tet(Y)		ERR1713339	CAN.22	tetracycline					1.0		
tet(Z)		ERR1713339	CAN.22	tetracycline					2.0		
tetA(P)		ERR1713339	CAN.22	tetracycline					2.0		
tetB(P)		ERR1713339	CAN.22	tetracycline					3.0		
VanH-B		ERR1713339	CAN.22	glycopeptide					1.0		
VanX-B		ERR1713339	CAN.22	glycopeptide					1.0		
VanY-B		ERR1713339	CAN.22	glycopeptide					1.0		
vat(B)		ERR1713339	CAN.22	macrolide_lincosamide_streptogramin					1.0		
aac(3)-I_aac(3)-Ia		ERR1713339	CAN.22	aminoglycoside					11.0		
aac(3)-Ib		ERR1713339	CAN.22	aminoglycoside					2.0		
aac(3)-If		ERR1713339	CAN.22	aminoglycoside					2.0		
aac(3)-II_clust		ERR1713339	CAN.22	aminoglycoside					2.0		
aac(3)-IIIc		ERR1713339	CAN.22	aminoglycoside					1.0		
aac(6')-aph(2'')_1_M13771		ERR1713339	CAN.22	aminoglycoside					6.0		
aac(6')-IIa		ERR1713339	CAN.22	aminoglycoside					5.0		
aac(6')-IIc		ERR1713339	CAN.22	aminoglycoside					8.0		
aac(6')-Im		ERR1713339	CAN.22	aminoglycoside					1.0		
aac(6')_1_AY553333		ERR1713339	CAN.22	aminoglycoside					1.0		
aacA29		ERR1713339	CAN.22	aminoglycoside					1.0		
aadA_clust1		ERR1713339	CAN.22	aminoglycoside					139.0		
aadA10		ERR1713339	CAN.22	aminoglycoside					10.0		
aadA13		ERR1713339	CAN.22	aminoglycoside					1.0		
aadA16		ERR1713339	CAN.22	aminoglycoside					4.0		
aadA2		ERR1713339	CAN.22	aminoglycoside					25.0		
aadA4_aadA5		ERR1713339	CAN.22	aminoglycoside					19.0		
aadA7		ERR1713339	CAN.22	aminoglycoside					10.0		
aadB		ERR1713339	CAN.22	aminoglycoside					6.0		
aadE_1_KF421157		ERR1713339	CAN.22	aminoglycoside					6.0		
ant(3'')-Ih-aac(6')-IId		ERR1725962	CHE.67	aminoglycoside						192.0	
ant(6)-Ia		ERR1725962	CHE.67	aminoglycoside						2.0	
aph(2'')-Ib		ERR1725962	CHE.67	aminoglycoside						2.0	
aph(3')-Ia_aph(3')-Ic		ERR1725962	CHE.67	aminoglycoside						17.0	
aph(3')-III		ERR1725962	CHE.67	aminoglycoside						11.0	
aph(3')-VI		ERR1725962	CHE.67	aminoglycoside						2.0	
aph(3')-VIIa		ERR1725962	CHE.67	aminoglycoside						1.0	
aph(3')-XV		ERR1725962	CHE.67	aminoglycoside						9.0	
ARR_clust		ERR1725962	CHE.67	rifamycin						3.0	
blaACI-1		ERR1725962	CHE.67	beta_lactam						6.0	
blaACT_clust		ERR1725962	CHE.67	beta_lactam						1.0	
blaAER-1		ERR1725962	CHE.67	beta_lactam						17.0	
blaBEL		ERR1725962	CHE.67	beta_lactam						1.0	
blaCARB_clust1		ERR1725962	CHE.67	beta_lactam						2.0	
blaCARB_clust2		ERR1725962	CHE.67	beta_lactam						23.0	
blaCMY_blaBIL_blaLAT		ERR1725962	CHE.67	beta_lactam						6.0	
blaCMY_blaMOX		ERR1725962	CHE.67	beta_lactam						1.0	
blaCTX-M_clust1		ERR1725962	CHE.67	beta_lactam						3.0	
blaDHA_MOR		ERR1725962	CHE.67	beta_lactam						1.0	
blaEBR-1		ERR1725962	CHE.67	beta_lactam						5.0	
blaGES_clust		ERR1725962	CHE.67	beta_lactam						35.0	
blaMOX_clust		ERR1725962	CHE.67	beta_lactam						1.0	
blaNPS_LCR_clust		ERR1725962	CHE.67	beta_lactam						31.0	
blaOCH_clust		ERR1725962	CHE.67	beta_lactam						3.0	
blaOKP_clust		ERR1725962	CHE.67	beta_lactam						1.0	
blaOXA-209		ERR1725962	CHE.67	beta_lactam						6.0	
blaOXA-29		ERR1725962	CHE.67	beta_lactam						1.0	
blaOXA-347		ERR1725962	CHE.67	beta_lactam						2.0	
blaOXA-372		ERR1725962	CHE.67	beta_lactam						2.0	
blaOXA-85		ERR1725962	CHE.67	beta_lactam						1.0	
blaOXA-9		ERR1725962	CHE.67	beta_lactam						2.0	
blaOXA_clust1		ERR1725962	CHE.67	beta_lactam						50.0	
blaOXA_clust12		ERR1725962	CHE.67	beta_lactam						2.0	
blaOXA_clust15		ERR1725962	CHE.67	beta_lactam						54.0	
blaOXA_clust18		ERR1725962	CHE.67	beta_lactam						92.0	
blaOXA_clust19		ERR1725962	CHE.67	beta_lactam						1.0	
blaOXA_clust20		ERR1725962	CHE.67	beta_lactam						24.0	
blaOXA_clust21		ERR1725962	CHE.67	beta_lactam						167.0	
blaOXA_clust3		ERR1725962	CHE.67	beta_lactam						4.0	
blaOXA_clust6		ERR1725962	CHE.67	beta_lactam						36.0	
blaOXA_clust7		ERR1725962	CHE.67	beta_lactam						9.0	
blaOXA_clust8		ERR1725962	CHE.67	beta_lactam						104.0	
blaOXA_clust9		ERR1725962	CHE.67	beta_lactam						1.0	
blaOXY_clust1		ERR1725962	CHE.67	beta_lactam						2.0	
blaSHV_clust		ERR1725962	CHE.67	beta_lactam						5.0	
blaTEM_clust		ERR1725962	CHE.67	beta_lactam						7.0	
blaVEB_clust		ERR1725962	CHE.67	beta_lactam						4.0	
cat(pC194)		ERR1725962	CHE.67	phenicol						1.0	
cat_2		ERR1725962	CHE.67	phenicol						6.0	
catA1		ERR1725962	CHE.67	phenicol						1.0	
catB3		ERR1725962	CHE.67	phenicol						3.0	
catP		ERR1725962	CHE.67	phenicol						1.0	
catQ		ERR1725962	CHE.67	phenicol						6.0	
catS		ERR1725962	CHE.67	phenicol						1.0	
cfxA_clust		ERR1725962	CHE.67	other_or_unmapped						17.0	
cfxA6		ERR1725962	CHE.67	other_or_unmapped						8.0	
cml_clust		ERR1725962	CHE.67	phenicol						8.0	
cmx		ERR1725962	CHE.67	other_or_unmapped						12.0	
dfrA1_clust		ERR1725962	CHE.67	trimethoprim						1.0	
dfrA7_dfrA17		ERR1725962	CHE.67	trimethoprim						3.0	
ere(A)_clust		ERR1725962	CHE.67	other_or_unmapped						17.0	
ere(A)_clust2		ERR1725962	CHE.67	other_or_unmapped						8.0	
erm(35)		ERR1725962	CHE.67	macrolide_lincosamide_streptogramin						1.0	
erm(42)_clust		ERR1725962	CHE.67	macrolide_lincosamide_streptogramin						1.0	
erm(A)_2_AF002716		ERR1725962	CHE.67	macrolide_lincosamide_streptogramin						4.0	
erm(B)_clust		ERR1725962	CHE.67	macrolide_lincosamide_streptogramin						616.0	
erm(F)_clust		ERR1725962	CHE.67	macrolide_lincosamide_streptogramin						88.0	
erm(G)_clust		ERR1725962	CHE.67	macrolide_lincosamide_streptogramin						6.0	
floR_clust		ERR1725962	CHE.67	phenicol						11.0	
imiS_imiH_blaCEPH_clust		ERR1725962	CHE.67	beta_lactam						1.0	
lnu(B)		ERR1725962	CHE.67	macrolide_lincosamide_streptogramin						85.0	
lnu(C)		ERR1725962	CHE.67	macrolide_lincosamide_streptogramin						6.0	
lnu(F)		ERR1725962	CHE.67	macrolide_lincosamide_streptogramin						10.0	
lsa(C)		ERR1725962	CHE.67	macrolide_lincosamide_streptogramin						1.0	
mef(A)_10_AF376746		ERR1725962	CHE.67	macrolide_lincosamide_streptogramin						128.0	
mef(A)_3_AF227521		ERR1725962	CHE.67	macrolide_lincosamide_streptogramin						51.0	
mef(B)		ERR1725962	CHE.67	macrolide_lincosamide_streptogramin						10.0	
mph(A)		ERR1725962	CHE.67	macrolide_lincosamide_streptogramin						2.0	
mph(E)		ERR1725962	CHE.67	macrolide_lincosamide_streptogramin						340.0	
msr(D)		ERR1725962	CHE.67	macrolide_lincosamide_streptogramin						253.0	
msr(E)		ERR1725962	CHE.67	macrolide_lincosamide_streptogramin						703.0	
nimA		ERR1725962	CHE.67	other_or_unmapped						1.0	
oqxA		ERR1725962	CHE.67	quinolone						1.0	
oqxB		ERR1725962	CHE.67	quinolone						25.0	
qepA_clust		ERR1725962	CHE.67	quinolone						1.0	
QnrB_clust1		ERR1725962	CHE.67	quinolone						7.0	
QnrS_clust2		ERR1725962	CHE.67	quinolone						3.0	
QnrVC_clust2		ERR1725962	CHE.67	quinolone						2.0	
str		ERR1725962	CHE.67	aminoglycoside						2.0	
strA		ERR1725962	CHE.67	aminoglycoside						73.0	
strB		ERR1725962	CHE.67	aminoglycoside						132.0	
sul1_sul3_clust		ERR1725962	CHE.67	sulfonamide						136.0	
sul2_clust		ERR1725962	CHE.67	sulfonamide						39.0	
tet(31)		ERR1725962	CHE.67	tetracycline						1.0	
tet(32)		ERR1725962	CHE.67	tetracycline						87.0	
tet(33)		ERR1725962	CHE.67	tetracycline						2.0	
tet(36)		ERR1725962	CHE.67	tetracycline						3.0	
tet(39)		ERR1725962	CHE.67	tetracycline						73.0	
tet(40)		ERR1725962	CHE.67	tetracycline						25.0	
tet(44)		ERR1725962	CHE.67	tetracycline						16.0	
tet(A)		ERR1725962	CHE.67	tetracycline						9.0	
tet(C)		ERR1725962	CHE.67	tetracycline						22.0	
tet(D)		ERR1725962	CHE.67	tetracycline						2.0	
tet(E)		ERR1725962	CHE.67	tetracycline						3.0	
tet(G)		ERR1725962	CHE.67	tetracycline						15.0	
tet(H)		ERR1725962	CHE.67	tetracycline						3.0	
tet(M)		ERR1725962	CHE.67	tetracycline						73.0	
tet(O)		ERR1725962	CHE.67	tetracycline						237.0	
tet(Q)		ERR1725962	CHE.67	tetracycline						115.0	
tet(S)		ERR1725962	CHE.67	tetracycline						14.0	
tet(W)		ERR1725962	CHE.67	tetracycline						536.0	
tet(X)_clust		ERR1725962	CHE.67	tetracycline						128.0	
tetA(P)		ERR1725962	CHE.67	tetracycline						1.0	
VanA_clust		ERR1725962	CHE.67	glycopeptide						2.0	
VanH-D_clust2		ERR1725962	CHE.67	glycopeptide						1.0	
VanT-C_clust2		ERR1725962	CHE.67	aminoglycoside						1.0	
VanT-G		ERR1725962	CHE.67	aminoglycoside						5.0	
VanW-G		ERR1725962	CHE.67	glycopeptide						2.0	
VanXY-C_clust		ERR1725962	CHE.67	glycopeptide						1.0	
aac(3)-I_aac(3)-Ia		ERR1725962	CHE.67	aminoglycoside						6.0	
aac(3)-Ib-aac(6')-Ib		ERR1725962	CHE.67	aminoglycoside						1.0	
aac(3)-II_clust		ERR1725962	CHE.67	aminoglycoside						8.0	
aac(6')-aph(2'')_1_M13771		ERR1725962	CHE.67	aminoglycoside						11.0	
aadA_clust1		ERR1725962	CHE.67	aminoglycoside						102.0	
aadA10		ERR1725962	CHE.67	aminoglycoside						22.0	
aadA13		ERR1725962	CHE.67	aminoglycoside						13.0	
aadA16		ERR1725962	CHE.67	aminoglycoside						9.0	
aadA2		ERR1725962	CHE.67	aminoglycoside						13.0	
aadA4_aadA5		ERR1725962	CHE.67	aminoglycoside						95.0	
aadA7		ERR1725962	CHE.67	aminoglycoside						11.0	
aadB		ERR1725962	CHE.67	aminoglycoside						13.0	
aadE_1_KF421157		ERR1725962	CHE.67	aminoglycoside						2.0	
ant(3'')-Ih-aac(6')-IId		ERR1713344	CHN.64	aminoglycoside							111.0
ant(6)-Ia		ERR1713344	CHN.64	aminoglycoside							4.0
ant(6)-Ib		ERR1713344	CHN.64	aminoglycoside							8.0
aph(2'')-Ib		ERR1713344	CHN.64	aminoglycoside							1.0
aph(2'')-Id_aph(2'')-Ie		ERR1713344	CHN.64	aminoglycoside							9.0
aph(3')-Ia_aph(3')-Ic		ERR1713344	CHN.64	aminoglycoside							4.0
aph(3')-Ib		ERR1713344	CHN.64	aminoglycoside							1.0
aph(3')-IIa		ERR1713344	CHN.64	aminoglycoside							1.0
aph(3')-III		ERR1713344	CHN.64	aminoglycoside							18.0
aph(3')-VI		ERR1713344	CHN.64	aminoglycoside							3.0
aph(3')-XV		ERR1713344	CHN.64	aminoglycoside							7.0
aph(6)-Ic		ERR1713344	CHN.64	aminoglycoside							1.0
ARR_clust		ERR1713344	CHN.64	rifamycin							3.0
blaACT-12		ERR1713344	CHN.64	beta_lactam							1.0
blaACT-9		ERR1713344	CHN.64	beta_lactam							1.0
blaACT_CMG_MIR_clust		ERR1713344	CHN.64	beta_lactam							9.0
blaAER-1		ERR1713344	CHN.64	beta_lactam							38.0
blaBES		ERR1713344	CHN.64	beta_lactam							1.0
blaCARB-4		ERR1713344	CHN.64	beta_lactam							3.0
blaCARB_clust1		ERR1713344	CHN.64	beta_lactam							9.0
blaCARB_clust2		ERR1713344	CHN.64	beta_lactam							3.0
blaCMY_blaBIL_blaLAT		ERR1713344	CHN.64	beta_lactam							3.0
blaCMY_blaMOX		ERR1713344	CHN.64	beta_lactam							1.0
blaCTX-M_clust1		ERR1713344	CHN.64	beta_lactam							2.0
blaCTX-M_clust2		ERR1713344	CHN.64	beta_lactam							4.0
blaCTX-M_clust3		ERR1713344	CHN.64	beta_lactam							1.0
blaDHA_MOR		ERR1713344	CHN.64	beta_lactam							1.0
blaEBR-1		ERR1713344	CHN.64	beta_lactam							1.0
blaFOX_clust		ERR1713344	CHN.64	beta_lactam							2.0
blaGES_clust		ERR1713344	CHN.64	beta_lactam							70.0
blaIND-9		ERR1713344	CHN.64	beta_lactam							2.0
blaLEN_clust		ERR1713344	CHN.64	beta_lactam							2.0
blaMIR_clust		ERR1713344	CHN.64	beta_lactam							3.0
blaMOX_clust		ERR1713344	CHN.64	beta_lactam							4.0
blaNPS_LCR_clust		ERR1713344	CHN.64	beta_lactam							6.0
blaOKP_clust		ERR1713344	CHN.64	beta_lactam							2.0
blaOXA-209		ERR1713344	CHN.64	beta_lactam							8.0
blaOXA-347		ERR1713344	CHN.64	beta_lactam							82.0
blaOXA-372		ERR1713344	CHN.64	beta_lactam							3.0
blaOXA-45		ERR1713344	CHN.64	beta_lactam							1.0
blaOXA-9		ERR1713344	CHN.64	beta_lactam							3.0
blaOXA_clust1		ERR1713344	CHN.64	beta_lactam							45.0
blaOXA_clust15		ERR1713344	CHN.64	beta_lactam							28.0
blaOXA_clust17		ERR1713344	CHN.64	beta_lactam							1.0
blaOXA_clust18		ERR1713344	CHN.64	beta_lactam							25.0
blaOXA_clust20		ERR1713344	CHN.64	beta_lactam							5.0
blaOXA_clust21		ERR1713344	CHN.64	beta_lactam							89.0
blaOXA_clust3		ERR1713344	CHN.64	beta_lactam							1.0
blaOXA_clust6		ERR1713344	CHN.64	beta_lactam							18.0
blaOXA_clust7		ERR1713344	CHN.64	beta_lactam							1.0
blaOXA_clust8		ERR1713344	CHN.64	beta_lactam							40.0
blaOXY_clust1		ERR1713344	CHN.64	beta_lactam							3.0
blaPER_clust1		ERR1713344	CHN.64	beta_lactam							5.0
blaTEM_clust		ERR1713344	CHN.64	beta_lactam							12.0
blaTLA-1		ERR1713344	CHN.64	beta_lactam							4.0
blaVEB_clust		ERR1713344	CHN.64	beta_lactam							208.0
cat_2		ERR1713344	CHN.64	phenicol							3.0
cat_clust		ERR1713344	CHN.64	phenicol							1.0
catA1		ERR1713344	CHN.64	phenicol							1.0
catB2		ERR1713344	CHN.64	phenicol							3.0
catB3		ERR1713344	CHN.64	phenicol							47.0
catB8		ERR1713344	CHN.64	phenicol							13.0
catP		ERR1713344	CHN.64	phenicol							1.0
catQ		ERR1713344	CHN.64	phenicol							23.0
cepA_clust		ERR1713344	CHN.64	other_or_unmapped							3.0
cfxA_clust		ERR1713344	CHN.64	other_or_unmapped							47.0
cfxA6		ERR1713344	CHN.64	other_or_unmapped							53.0
cml_clust		ERR1713344	CHN.64	phenicol							20.0
cmx		ERR1713344	CHN.64	other_or_unmapped							1.0
dfrA_clust		ERR1713344	CHN.64	trimethoprim							1.0
dfrA1_clust		ERR1713344	CHN.64	trimethoprim							2.0
dfrA14_clust		ERR1713344	CHN.64	trimethoprim							11.0
dfrA16_clust		ERR1713344	CHN.64	trimethoprim							2.0
dfrA27_dfrA28		ERR1713344	CHN.64	trimethoprim							1.0
dfrA29		ERR1713344	CHN.64	trimethoprim							1.0
dfrA32		ERR1713344	CHN.64	trimethoprim							2.0
dfrA7_dfrA17		ERR1713344	CHN.64	trimethoprim							1.0
ere(A)_clust		ERR1713344	CHN.64	other_or_unmapped							84.0
ere(A)_clust2		ERR1713344	CHN.64	other_or_unmapped							192.0
ere(B)		ERR1713344	CHN.64	other_or_unmapped							22.0
erm(42)_clust		ERR1713344	CHN.64	macrolide_lincosamide_streptogramin							2.0
erm(A)_2_AF002716		ERR1713344	CHN.64	macrolide_lincosamide_streptogramin							3.0
erm(B)_clust		ERR1713344	CHN.64	macrolide_lincosamide_streptogramin							76.0
erm(F)_clust		ERR1713344	CHN.64	macrolide_lincosamide_streptogramin							278.0
erm(G)_clust		ERR1713344	CHN.64	macrolide_lincosamide_streptogramin							20.0
erm(Q)		ERR1713344	CHN.64	macrolide_lincosamide_streptogramin							1.0
erm(T)_4_AJ488494		ERR1713344	CHN.64	macrolide_lincosamide_streptogramin							1.0
erm(X)_clust		ERR1713344	CHN.64	macrolide_lincosamide_streptogramin							6.0
floR_clust		ERR1713344	CHN.64	phenicol							41.0
fosA_clust1		ERR1713344	CHN.64	fosfomycin							3.0
fosA_clust2		ERR1713344	CHN.64	fosfomycin							6.0
imiS_imiH_blaCEPH_clust		ERR1713344	CHN.64	beta_lactam							1.0
lnu(B)		ERR1713344	CHN.64	macrolide_lincosamide_streptogramin							32.0
lnu(C)		ERR1713344	CHN.64	macrolide_lincosamide_streptogramin							25.0
lnu(D)		ERR1713344	CHN.64	macrolide_lincosamide_streptogramin							4.0
lnu(F)		ERR1713344	CHN.64	macrolide_lincosamide_streptogramin							18.0
mef(A)_10_AF376746		ERR1713344	CHN.64	macrolide_lincosamide_streptogramin							55.0
mef(A)_3_AF227521		ERR1713344	CHN.64	macrolide_lincosamide_streptogramin							45.0
mef(B)		ERR1713344	CHN.64	macrolide_lincosamide_streptogramin							52.0
mph(A)		ERR1713344	CHN.64	macrolide_lincosamide_streptogramin							17.0
mph(E)		ERR1713344	CHN.64	macrolide_lincosamide_streptogramin							266.0
msr(D)		ERR1713344	CHN.64	macrolide_lincosamide_streptogramin							178.0
msr(E)		ERR1713344	CHN.64	macrolide_lincosamide_streptogramin							471.0
nimD		ERR1713344	CHN.64	other_or_unmapped							1.0
optrA		ERR1713344	CHN.64	other_or_unmapped							6.0
oqxA		ERR1713344	CHN.64	quinolone							21.0
oqxB		ERR1713344	CHN.64	quinolone							83.0
QnrB_clust1		ERR1713344	CHN.64	quinolone							1.0
QnrD		ERR1713344	CHN.64	quinolone							2.0
QnrS_clust1		ERR1713344	CHN.64	quinolone							2.0
QnrS_clust2		ERR1713344	CHN.64	quinolone							11.0
QnrVC_clust1		ERR1713344	CHN.64	quinolone							6.0
QnrVC_clust2		ERR1713344	CHN.64	quinolone							8.0
rmtF		ERR1713344	CHN.64	aminoglycoside							1.0
strA		ERR1713344	CHN.64	aminoglycoside							78.0
strB		ERR1713344	CHN.64	aminoglycoside							74.0
sul1_sul3_clust		ERR1713344	CHN.64	sulfonamide							529.0
sul2_clust		ERR1713344	CHN.64	sulfonamide							176.0
sul3_2_AJ459418		ERR1713344	CHN.64	sulfonamide							2.0
tet(31)		ERR1713344	CHN.64	tetracycline							1.0
tet(32)		ERR1713344	CHN.64	tetracycline							115.0
tet(33)		ERR1713344	CHN.64	tetracycline							6.0
tet(36)		ERR1713344	CHN.64	tetracycline							325.0
tet(39)		ERR1713344	CHN.64	tetracycline							102.0
tet(40)		ERR1713344	CHN.64	tetracycline							29.0
tet(44)		ERR1713344	CHN.64	tetracycline							50.0
tet(A)		ERR1713344	CHN.64	tetracycline							72.0
tet(B)		ERR1713344	CHN.64	tetracycline							1.0
tet(C)		ERR1713344	CHN.64	tetracycline							274.0
tet(E)		ERR1713344	CHN.64	tetracycline							54.0
tet(G)		ERR1713344	CHN.64	tetracycline							100.0
tet(H)		ERR1713344	CHN.64	tetracycline							5.0
tet(L)_clust1		ERR1713344	CHN.64	tetracycline							8.0
tet(M)		ERR1713344	CHN.64	tetracycline							155.0
tet(O)		ERR1713344	CHN.64	tetracycline							110.0
tet(Q)		ERR1713344	CHN.64	tetracycline							625.0
tet(S)		ERR1713344	CHN.64	tetracycline							19.0
tet(T)		ERR1713344	CHN.64	tetracycline							4.0
tet(W)		ERR1713344	CHN.64	tetracycline							135.0
tet(X)_clust		ERR1713344	CHN.64	tetracycline							182.0
tet(Y)		ERR1713344	CHN.64	tetracycline							7.0
tetA(P)		ERR1713344	CHN.64	tetracycline							10.0
tetB(P)		ERR1713344	CHN.64	tetracycline							6.0
VanT-G		ERR1713344	CHN.64	aminoglycoside							2.0
aac(3)-Ib-aac(6')-Ib		ERR1713344	CHN.64	aminoglycoside							5.0
aac(3)-II_clust		ERR1713344	CHN.64	aminoglycoside							5.0
aac(6')-aph(2'')_1_M13771		ERR1713344	CHN.64	aminoglycoside							38.0
aac(6')-Ia		ERR1713344	CHN.64	aminoglycoside							4.0
aac(6')-IIa		ERR1713344	CHN.64	aminoglycoside							27.0
aac(6')-IIc		ERR1713344	CHN.64	aminoglycoside							2.0
aac(6')-Il		ERR1713344	CHN.64	aminoglycoside							1.0
aadA_clust1		ERR1713344	CHN.64	aminoglycoside							240.0
aadA10		ERR1713344	CHN.64	aminoglycoside							8.0
aadA13		ERR1713344	CHN.64	aminoglycoside							12.0
aadA16		ERR1713344	CHN.64	aminoglycoside							13.0
aadA2		ERR1713344	CHN.64	aminoglycoside							78.0
aadA4_aadA5		ERR1713344	CHN.64	aminoglycoside							74.0
aadA7		ERR1713344	CHN.64	aminoglycoside							2.0
aadB		ERR1713344	CHN.64	aminoglycoside							16.0
aadE_1_KF421157		ERR1713344	CHN.64	aminoglycoside							12.0
